encoding,name,description,country,director,actor,vote,score,year,link
tt0111161,肖申克的救赎,"一场谋杀案使银行家安迪（蒂姆•罗宾斯 Tim Robbins 饰）蒙冤入狱，谋杀妻子及其情人的指控将囚禁他终生。在肖申克监狱的首次现身就让监狱“大哥”瑞德（摩根•弗里曼 Morgan Freeman ..."" ", 美国,弗兰克·德拉邦特,"'蒂姆·罗宾斯', '摩根·弗里曼', '鲍勃·冈顿', '威廉姆·赛德勒', '克兰西·布朗'",2684265人评价,9.7,1994,https://movie.douban.com/subject/1292052/
tt0106332,霸王别姬,"段小楼（张丰毅）与程蝶衣（张国荣）是一对打小一起长大的师兄弟，两人一个演生，一个饰旦，一向配合天衣无缝，尤其一出《霸王别姬》，更是誉满京城，为此，两人约定合演一辈子《霸王别姬》。但两人对戏剧与人生关系..."" ", 中国大陆 ,陈凯歌,"'张国荣', '张丰毅', '巩俐', '葛优', '英达'",1991174人评价,9.6,1993,https://movie.douban.com/subject/1291546/
tt0109830,阿甘正传,, 美国,罗伯特·泽米吉斯,"'汤姆·汉克斯', '罗宾·怀特', '加里·西尼斯', '麦凯尔泰·威廉逊', '莎莉·菲尔德'",2015834人评价,9.5,1994,https://movie.douban.com/subject/1292720/
tt0120338,泰坦尼克号,"1912年4月10日，号称 “世界工业史上的奇迹”的豪华客轮泰坦尼克号开始了自己的处女航，从英国的南安普顿出发驶往美国纽约。富家少女罗丝（凯特•温丝莱特）与母亲及未婚夫卡尔坐上了头等舱；另一边，放荡不..."" ", 美国 ,詹姆斯·卡梅隆,"'莱昂纳多·迪卡普里奥', '凯特·温丝莱特', '比利·赞恩', '凯西·贝茨', '弗兰西丝·费舍'",1974879人评价,9.4,1997,https://movie.douban.com/subject/1292722/
tt0110413,这个杀手不太冷,"里昂（让·雷诺饰）是名孤独的职业杀手，受人雇佣。一天，邻居家小姑娘马蒂尔达（纳塔丽·波特曼饰)敲开他的房门，要求在他那里暂避杀身之祸。原来邻居家的主人是警方缉毒组的眼线，只因贪污了一小包毒品而遭恶警（..."" ", 法国 ,吕克·贝松,"'让·雷诺', '娜塔莉·波特曼', '加里·奥德曼', '丹尼·爱罗', '彼得·阿佩尔'",2159621人评价,9.4,1994,https://movie.douban.com/subject/1295644/
tt0118799,美丽人生,, 意大利,罗伯托·贝尼尼,"'罗伯托·贝尼尼', '尼可莱塔·布拉斯基', '乔治·坎塔里尼', '朱斯蒂诺·杜拉诺', '赛尔乔·比尼·布斯特里克'",1237601人评价,9.6,1997,https://movie.douban.com/subject/1292063/
tt0245429,千与千寻,"千寻和爸爸妈妈一同驱车前往新家，在郊外的小路上不慎进入了神秘的隧道——他们去到了另外一个诡异世界—一个中世纪的小镇。远处飘来食物的香味，爸爸妈妈大快朵颐，孰料之后变成了猪！这时小镇上渐渐来了许多样子古..."" ", 日本,宫崎骏,"'柊瑠美', '入野自由', '夏木真理', '菅原文太', '中村彰男'",2091994人评价,9.4,2001,https://movie.douban.com/subject/1291561/
tt0108052,辛德勒的名单,"1939年，波兰在纳粹德国的统治下，党卫军对犹太人进行了隔离统治。德国商人奥斯卡·辛德勒（连姆·尼森 Liam Neeson 饰）来到德军统治下的克拉科夫，开设了一间搪瓷厂，生产军需用品。凭着出众的社..."" ", 美国,史蒂文·斯皮尔伯格,"'连姆·尼森', '本·金斯利', '拉尔夫·费因斯', '卡罗琳·古多尔', '乔纳森·萨加尔'",1032550人评价,9.6,1993,https://movie.douban.com/subject/1295124/
tt1375666,盗梦空间,"道姆·柯布（莱昂纳多·迪卡普里奥 Leonardo DiCaprio 饰）与同事阿瑟（约瑟夫·戈登-莱维特 Joseph Gordon-Levitt 饰）和纳什（卢卡斯·哈斯 Lukas Haas 饰..."" ", 美国 ,克里斯托弗·诺兰,"'莱昂纳多·迪卡普里奥', '约瑟夫·高登-莱维特', '艾利奥特·佩吉', '汤姆·哈迪', '渡边谦'",1928867人评价,9.4,2010,https://movie.douban.com/subject/3541415/
tt0816692,星际穿越,"近未来的地球黄沙遍野，小麦、秋葵等基础农作物相继因枯萎病灭绝，人类不再像从前那样仰望星空，放纵想象力和灵感的迸发，而是每日在沙尘暴的肆虐下倒数着所剩不多的光景。在家务农的前NASA宇航员库珀（马修·麦..."" ", 美国 ,克里斯托弗·诺兰,"'马修·麦康纳', '安妮·海瑟薇', '杰西卡·查斯坦', '麦肯吉·弗依', '卡西·阿弗莱克'",1631030人评价,9.4,2014,https://movie.douban.com/subject/1889243/
tt1028532,忠犬八公的故事,"八公（Forest 饰）是一条谜一样的犬，因为没有人知道它从哪里来。教授帕克（理查·基尔 Richard Gere 饰）在小镇的火车站拣到一只走失的小狗，冥冥中似乎注定小狗和帕克教授有着某种缘分，帕克..."" ", 美国 ,拉斯·霍尔斯道姆,"'理查·基尔', '萨拉·罗默尔', '琼·艾伦', '罗比·萨布莱特', '艾瑞克·阿瓦利'",1316233人评价,9.4,2009,https://movie.douban.com/subject/3011091/
tt0120382,楚门的世界,"楚门（金•凯瑞 Jim Carrey 饰）是一个平凡得不能再平凡的人，除了一些有些稀奇的经历之外——初恋女友突然失踪、溺水身亡的父亲忽然似乎又出现在眼前，他和绝大多数30多岁的美国男人绝无异样。这令他..."" ", 美国,彼得·威尔,"'金·凯瑞', '劳拉·琳妮', '艾德·哈里斯', '诺亚·艾默里奇', '娜塔莎·麦克艾霍恩'",1550340人评价,9.3,1998,https://movie.douban.com/subject/1292064/
tt0120731,海上钢琴师,, 意大利,朱塞佩·托纳多雷,"'蒂姆·罗斯', '普路特·泰勒·文斯', '比尔·努恩', '克兰伦斯·威廉姆斯三世', '梅兰尼·蒂埃里'",1570865人评价,9.3,1998,https://movie.douban.com/subject/1292001/
tt1187043,三傻大闹宝莱坞,"本片根据印度畅销书作家奇坦·巴哈特（Chetan Bhagat）的处女作小说《五点人》（Five Point Someone）改编而成。法兰（马德哈万 R Madhavan 饰）、拉杜（沙曼·乔希 S..."" ", 印度,拉吉库马尔·希拉尼,"'阿米尔·汗', '卡琳娜·卡普尔', '马达范', '沙尔曼·乔希', '奥米·瓦依达'",1747225人评价,9.2,2009,https://movie.douban.com/subject/3793023/
tt0910970,机器人总动员,"公元2805年，人类文明高度发展，却因污染和生活垃圾大量增加使得地球不再适于人类居住。地球人被迫乘坐飞船离开故乡，进行一次漫长无边的宇宙之旅。临行前他们委托Buynlarge的公司对地球垃圾进行清理，..."" ", 美国,安德鲁·斯坦顿,"'本·贝尔特', '艾丽莎·奈特', '杰夫·格尔林', '佛莱德·威拉特', '西格妮·韦弗'",1235106人评价,9.3,2008,https://movie.douban.com/subject/2131459/
tt0372824,放牛班的春天,"1949年的法国乡村，音乐家克莱门特（热拉尔·朱尼奥 饰）到了一间外号叫“塘低”的男子寄宿学校当助理教师。学校里的学生大部分都是难缠的问题儿童，体罚在这里司空见惯，学校的校长（弗朗索瓦·贝莱昂 饰）只..."" ", 法国 ,克里斯托夫·巴拉蒂,"'让-巴蒂斯特·莫尼耶', '热拉尔·朱尼奥', '弗朗索瓦·贝莱昂', '凯德·麦拉德', '让-保罗·博奈雷'",1218590人评价,9.3,2004,https://movie.douban.com/subject/1291549/
tt0338564,无间道,"1991年，香港黑帮三合会会员刘健明（刘德华）听从老大韩琛（曾志伟）的吩咐，加入警察部队成为黑帮卧底，韩琛许诺刘健明会帮其在七年后晋升为见习督察。1992年，警察训练学校优秀学员陈永仁（梁朝伟）被上级..."" ", 中国香港,刘伟强,"'刘德华', '梁朝伟', '黄秋生', '曾志伟', '郑秀文'",1249045人评价,9.3,2002,https://movie.douban.com/subject/1307914/
tt2948356,疯狂动物城,"故事发生在一个所有哺乳类动物和谐共存的美好世界中，兔子朱迪（金妮弗·古德温 Ginnifer Goodwin 配音）从小就梦想着能够成为一名惩恶扬善的刑警，凭借着智慧和努力，朱迪成功的从警校中毕业进入..."" ", 美国,拜伦·霍华德,"'金妮弗·古德温', '杰森·贝特曼', '伊德里斯·艾尔巴', '珍妮·斯蕾特', '内特·托伦斯'",1772825人评价,9.2,2016,https://movie.douban.com/subject/25662329/
tt0114996,大话西游之大圣娶亲,, 中国香港 ,刘镇伟,"'周星驰', '吴孟达', '朱茵', '蔡少芬', '蓝洁瑛'",1433062人评价,9.2,1995,https://movie.douban.com/subject/1292213/
tt2070649,熔炉,"来自首尔的哑语美术老师仁浩（孔宥 饰）来到雾津，应聘慈爱聋哑人学校。天降大雾，他意外撞车，维修时邂逅了人权组织成员柔珍（郑有美 饰）。仁浩妻子早亡，8岁女儿天生哮喘由祖母照看，所以他不辞辛苦谋职养家。..."" ", 韩国,黄东赫,"'孔刘', '郑有美', '金贤秀', '郑仁絮', '白承焕'",872266人评价,9.3,2011,https://movie.douban.com/subject/5912992/
tt0051201,控方证人,"伦敦著名刑案辩护律师韦菲爵士（查尔斯•劳顿 Charles Laughton 饰）接受了心脏病治疗，但是身体依旧虚弱，第一天回家休养，护士一直严厉监督他服药，并杜绝烟酒。管家为了便于上楼，还专门为他修..."" ", 美国,比利·怀尔德,"'泰隆·鲍华', '玛琳·黛德丽', '查尔斯·劳顿', '埃尔莎·兰彻斯特', '约翰·威廉姆斯'",485114人评价,9.6,1957,https://movie.douban.com/subject/1296141/
tt0068646,教父,, 美国,弗朗西斯·福特·科波拉,"'马龙·白兰度', '阿尔·帕西诺', '詹姆斯·肯恩', '理查德·卡斯特尔诺', '罗伯特·杜瓦尔'",893220人评价,9.3,1972,https://movie.douban.com/subject/1291841/
tt0454921,当幸福来敲门,"克里斯•加纳（威尔·史密斯 Will Smith 饰）用尽全部积蓄买下了高科技治疗仪，到处向医院推销，可是价格高昂，接受的人不多。就算他多努力都无法提供一个良好的生活环境给妻儿，妻子（桑迪·牛顿 Th..."" ", 美国,加布里埃莱·穆奇诺,"'威尔·史密斯', '贾登·史密斯', '坦迪·牛顿', '布莱恩·豪威 ', '詹姆斯·凯伦'",1422691人评价,9.2,2006,https://movie.douban.com/subject/1849031/
tt1675434,触不可及,"因为一次跳伞事故，白人富翁菲利普Philippe（弗朗索瓦·克鲁塞 François Cluzet 饰）瘫痪在床，欲招聘一名全职陪护。由于薪酬高，应聘者云集，个个舌灿莲花，却无法打动他的心。直到黑人德..."" ", 法国,奥利维埃·纳卡什,"'弗朗索瓦·克鲁塞', '奥玛·希', '安娜·勒尼', '奥德雷·弗勒罗', '约瑟芬娜·德·摩'",1008140人评价,9.3,2011,https://movie.douban.com/subject/6786002/
tt0817177,怦然心动,"布莱斯（卡兰•麦克奥利菲 Callan McAuliffe 饰）全家搬到小镇，邻家女孩朱丽（玛德琳•卡罗尔 Madeline Carroll 饰）前来帮忙。她对他一见钟情，心愿是获得他的吻。两人是同班..."" ", 美国,罗伯·莱纳,"'玛德琳·卡罗尔', '卡兰·麦克奥利菲', '瑞贝卡·德·莫妮', '安东尼·爱德华兹', '约翰·马奥尼'",1709608人评价,9.1,2010,https://movie.douban.com/subject/3319755/
tt0096283,龙猫,"小月的母亲生病住院了，父亲带着她与四岁的妹妹小梅到乡间的居住。她们对那里的环境都感到十分新奇，也发现了很多有趣的事情。她们遇到了很多小精灵，她们来到属于她们的环境中，看到了她们世界中很多的奇怪事物，更..."" ", 日本,宫崎骏,"'日高法子', '坂本千夏', '糸井重里', '岛本须美', '北林谷荣'",1182125人评价,9.2,1988,https://movie.douban.com/subject/1291560/
tt0093389,末代皇帝,"溥仪（尊龙 饰）的一生在电影中娓娓道来。他从三岁起登基，年幼的眼光中只有大臣身上的一只蝈蝈，江山在他心中只是一个不明所以的名词。长大了，他以为可以变革，却被太监一把火烧了朝廷账本。他以为自己是大清江山..."" ", 英国 ,贝纳尔多·贝托鲁奇,"'尊龙', '陈冲', '邬君梅', '彼得·奥图尔', '英若诚'",802812人评价,9.3,1987,https://movie.douban.com/subject/1293172/
tt2380307,寻梦环游记,"热爱音乐的米格尔（安东尼·冈萨雷兹 Anthony Gonzalez 配音）不幸地出生在一个视音乐为洪水猛兽的大家庭之中，一家人只盼着米格尔快快长大，好继承家里传承了数代的制鞋产业。一年一度的亡灵节即..."" ", 美国,李·昂克里奇,"'安东尼·冈萨雷斯', '盖尔·加西亚·贝纳尔', '本杰明·布拉特', '阿兰娜·乌巴赫', '芮妮·维克托'",1531683人评价,9.1,2017,https://movie.douban.com/subject/20495023/
tt0468569,蝙蝠侠：黑暗骑士,"从亲眼目睹父母被人杀死的阴影中走出来的“蝙蝠侠”，经历了成长之后，已经不再是那个桀骜不的孤单英雄了。在警官吉姆·戈登和检查官哈维·登特的通力帮助下，“蝙蝠侠”无后顾之忧地继续满世界的奔波，与日益增长起..."" ", 美国 ,克里斯托弗·诺兰,"'克里斯蒂安·贝尔', '希斯·莱杰', '艾伦·艾克哈特', '迈克尔·凯恩', '玛吉·吉伦哈尔'",986395人评价,9.2,2008,https://movie.douban.com/subject/1851857/
tt0110081,活着,, 中国大陆 ,张艺谋,"'葛优', '巩俐', '姜武', '牛犇', '郭涛'",773277人评价,9.3,1994,https://movie.douban.com/subject/1292365/
tt0241527,哈利·波特与魔法石,"哈利波特是一个孤儿，从小寄养在姨妈家，受尽欺凌。但就在哈利11岁生日的时候，他意外收到了霍格沃茨学院的入学通知书。哈利从该学院派来接他的巨人海格口中得知，这是一间魔法学院，并得知了自己的身世，原来哈利..."" ", 美国 ,克里斯·哥伦布,"'丹尼尔·雷德克里夫', '艾玛·沃森', '鲁伯特·格林特', '艾伦·瑞克曼', '玛吉·史密斯'",1079856人评价,9.2,2001,https://movie.douban.com/subject/1295038/
tt0167260,指环王3：王者无敌,"魔幻战争逐渐进入高潮阶段。霍比特人佛罗多（伊利亚·伍德 Elijah Wood 饰）携带着魔戒，与伙伴山姆（西恩·奥斯汀 Sean Astin 饰）以及狡猾阴暗的咕噜等前往末日山，一路上艰难险阻不断，..."" ", 美国 ,彼得·杰克逊,"'伊利亚·伍德', '西恩·奥斯汀', '维果·莫腾森', '奥兰多·布鲁姆', '伊恩·麦克莱恩'",746250人评价,9.3,2003,https://movie.douban.com/subject/1291552/
tt0031381,乱世佳人,"美国南北战争前夕，南方农场塔拉庄园的千金斯嘉丽（费雯·丽 Vivien Leigh 饰）爱上了另一个农场主的儿子艾希礼（莱斯利·霍华德 Leslie Howard 饰），遭到了拒绝，为了报复，她嫁给了..."" ", 美国,维克多·弗莱明,"'费雯·丽', '克拉克·盖博', '奥利维娅·德哈维兰', '托马斯·米切尔', '芭芭拉·欧内尔'",643317人评价,9.3,1939,https://movie.douban.com/subject/1300267/
tt3153634,素媛,"她（李来 饰）是一个美丽平凡的小女孩，和爸爸妈妈生活在位于街角的家中。家里经营着以她的名字素媛命名的杂货店，母亲（严智媛 饰）作为老板娘日夜忙碌不得闲暇，父亲则在工厂干着繁重的工作。在那个飘雨的早上，..."" ", 韩国,李濬益,"'薛景求', '严志媛', '李来', '金海淑', '金相浩'",634787人评价,9.3,2013,https://movie.douban.com/subject/21937452/
tt1049413,飞屋环游记,"小男孩卡尔（Carl Fredricksen）怀揣着对于冒险的热爱偶遇假小子艾丽（Ellie），而艾丽把整个屋子当成一艘大飞船游戏居然使他对这个女孩子有些着迷，相同的爱好最终使两个人成为了一生的爱侣。..."" ", 美国,彼特·道格特,"'爱德华·阿斯纳', '克里斯托弗·普卢默', '乔丹·长井', '鲍勃·彼德森', '德尔罗伊·林多'",1236994人评价,9.1,2009,https://movie.douban.com/subject/2129039/
tt7362036,我不是药神,"普通中年男子程勇（徐峥 饰）经营着一家保健品店，失意又失婚。不速之客吕受益（王传君 饰）的到来，让他开辟了一条去印度买药做“代购”的新事业，虽然困难重重，但他在这条“买药之路”上发现了商机，一发不可收..."" ", 中国大陆,文牧野,"'徐峥', '王传君', '周一围', '谭卓', '章宇'",1959786人评价,9.0,2018,https://movie.douban.com/subject/26752088/
tt5074352,摔跤吧！爸爸,"马哈维亚（阿米尔·汗 Aamir Khan 饰）曾经是一名前途无量的摔跤运动员，在放弃了职业生涯后，他最大的遗憾就是没有能够替国家赢得金牌。马哈维亚将这份希望寄托在了尚未出生的儿子身上，哪知道妻子接连..."" ", 印度,涅提·蒂瓦里,"'阿米尔·汗', '法缇玛·萨那·纱卡', '桑亚·玛荷塔', '阿帕尔夏克提·库拉那', '沙克希·坦沃'",1469750人评价,9.0,2016,https://movie.douban.com/subject/26387939/
tt8267604,何以为家,"法庭上，十二岁的男孩赞恩向法官状告他的亲生父母，原因是，他们给了他生命。是什么样的经历让一个孩子做出如此不可思议的举动？故事中，赞恩的父母在无力抚养和教育的状况下依然不停生育，作为家中的长子赞恩，弱小..."" ", 黎巴嫩 ,娜丁·拉巴基,"'赞恩·阿尔·拉菲亚', '约丹诺斯·希费罗', '博鲁瓦蒂夫·特雷杰·班科尔', '卡萨尔·艾尔·哈达德', '法迪·尤瑟夫'",968127人评价,9.1,2018,https://movie.douban.com/subject/30170448/
tt0050083,十二怒汉,"一个在贫民窟长大的18岁少年因为涉嫌杀害自己的父亲被告上法庭，证人言之凿凿，各方面的证据都对他极为不利。十二个不同职业的人组成了这个案件的陪审团，他们要在休息室达成一致的意见，裁定少年是否有罪，如果罪..."" ", 美国,西德尼·吕美特,"'亨利·方达', '马丁·鲍尔萨姆', '约翰·菲德勒', '李·科布', 'E.G.马绍尔'",447170人评价,9.4,1957,https://movie.douban.com/subject/1293182/
tt0347149,哈尔的移动城堡,"继母因无力负担生活，将苏菲和她的两个妹妹都送到了制帽店去当学徒。两个妹妹很快先后就离开了制帽店去追寻各自的梦想，只有苏菲坚持了下来。一天，小镇旁边来了一座移动堡垒，传说堡垒的主人哈尔专吸取年青姑娘的灵..."" ", 日本,宫崎骏,"'倍赏千惠子', '木村拓哉', '美轮明宏', '我修院达也', '神木隆之介'",941117人评价,9.1,2004,https://movie.douban.com/subject/1308807/
tt0454876,少年派的奇幻漂流,"故事开始于蒙特娄，也结束于蒙特娄。一名在找寻灵感的作家（拉菲·斯波 Rafe Spall 饰）无意间得知派·帕帖尔（伊尔凡·可汗 Irrfan Khan 饰）的传奇故事。派的父亲（阿迪勒·侯赛因 Ad..."" ", 美国 ,李安,"'苏拉·沙玛', '伊尔凡·可汗', '拉菲·斯波', '阿迪勒·侯赛因', '塔布'",1269921人评价,9.1,2012,https://movie.douban.com/subject/1929463/
tt0245929,鬼子来了,"第二次世界大战期间，中国河北挂甲台村的农民马大三（姜文饰）在日本人的统治下过着平静的生活。一个晚上，游击队绑架了日军陆军士兵花屋小三郎（香川照之饰）和翻译董汉臣，把他们捆绑塞入麻袋放在马大三家里，并吩..."" ", 中国大陆,姜文,"'姜文', '香川照之', '袁丁', '姜宏波', '丛志军'",579542人评价,9.3,2000,https://movie.douban.com/subject/1291858/
tt0264464,猫鼠游戏,"弗兰克（莱昂纳多·迪卡普里奥 Leonardo DiCaprio饰）是FBI有史以来年龄最小的通缉犯。他的犯罪手段神通广大，伪装身份的能力超乎常人，全美各地几乎都留下他的犯罪足迹。乔装医生、律师、飞行..."" ", 美国 ,史蒂文·斯皮尔伯格,"'莱昂纳多·迪卡普里奥', '汤姆·汉克斯', '克里斯托弗·沃肯', '马丁·辛', '艾米·亚当斯'",920740人评价,9.1,2002,https://movie.douban.com/subject/1305487/
tt0112778,大话西游之月光宝盒,, 中国香港 ,刘镇伟,"'周星驰', '吴孟达', '罗家英', '蓝洁瑛', '莫文蔚'",1141916人评价,9.0,1995,https://movie.douban.com/subject/1299398/
tt1533117,让子弹飞,"民国年间，花钱捐得县长的马邦德（葛优 饰）携妻（刘嘉玲 饰）及随从走马上任。途经南国某地，遭劫匪张麻子（姜文 饰）一伙伏击，随从尽死，只夫妻二人侥幸活命。马为保命，谎称自己是县长的汤 师爷。为汤师爷许..."" ", 中国大陆 ,姜文,"'姜文', '葛优', '周润发', '刘嘉玲', '陈坤'",1569645人评价,9.0,2010,https://movie.douban.com/subject/3742360/
tt0092067,天空之城,, 日本,宫崎骏,"'田中真弓', '横泽启子', '初井言荣', '寺田农', '常田富士男'",766942人评价,9.1,1986,https://movie.douban.com/subject/1291583/
tt0253474,钢琴家,"史标曼（艾德里安•布洛迪 Adrien Brody 饰）是波兰一家电台的钢琴师。二战即将爆发之时，他们全家被迫被赶进华沙的犹太区。在战争的颠沛流离中，家人和亲戚最终被纳粹杀害，而史标曼本人也受尽种种羞..."" ", 英国 ,罗曼·波兰斯基,"'艾德里安·布洛迪', '托马斯·克莱舒曼', '艾米莉娅·福克斯', '米哈乌·热布罗夫斯基', '埃德·斯托帕德'",570143人评价,9.3,2002,https://movie.douban.com/subject/1296736/
tt0167261,指环王2：双塔奇兵,, 美国 ,彼得·杰克逊,"'伊利亚·伍德', '西恩·奥斯汀', '多米尼克·莫纳汉', '奥兰多·布鲁姆', '维果·莫腾森'",697261人评价,9.2,2002,https://movie.douban.com/subject/1291572/
tt0105323,闻香识女人,"查理（克里斯•奥唐纳 Chris O\'Donnell  饰）是一个普通的中学生，他因为见证着一件恶作剧但又不想出卖朋友，于是面临着一道艰难的选择题——要么坦白，要么被学校勒退。而史法兰（阿尔•帕西诺 ..."" ", 美国,马丁·布莱斯特,"'阿尔·帕西诺', '克里斯·奥唐纳', '詹姆斯·瑞布霍恩', '加布里埃尔·安瓦尔', '菲利普·塞默·霍夫曼'",814370人评价,9.1,1992,https://movie.douban.com/subject/1298624/
tt3700392,海蒂和爷爷,"孤儿海蒂（阿努克·斯特芬 饰）被姨母迪蒂（安娜·希恩斯 饰）送上了阿尔卑斯山，与远离小镇独居于高山的祖父（布鲁诺·甘茨 饰）一同生活。活泼的海蒂在这里如鱼得水，不仅收获了羊倌彼得（奎林·阿格里皮 饰）..."" ", 德国 ,阿兰·葛斯彭纳,"'阿努克·斯特芬', '布鲁诺·冈茨', '昆林·艾格匹', '安娜·申茨', '伊莎贝尔·奥特曼'",520981人评价,9.3,2015,https://movie.douban.com/subject/25958717/
tt0095765,天堂电影院,, 意大利 ,朱塞佩·托纳多雷,"'菲利普·努瓦雷', '萨瓦特利·卡西欧', '雅克·贝汉', '马克·莱昂纳蒂', '莱奥波多·特里耶斯泰'",641536人评价,9.2,1988,https://movie.douban.com/subject/1291828/
tt0046250,罗马假日,"欧洲某国的安妮公主（奥黛丽·赫本 Audrey Hepburn 饰）到访罗马，国务烦身，但她又厌倦繁文缛节。一天晚上，身心俱疲的她偷偷来到民间欣赏夜景，巧遇报社记者乔（格里高利·派克 Gregory ..."" ", 美国,威廉·惠勒,"'奥黛丽·赫本', '格利高里·派克', '埃迪·艾伯特', '哈特利·鲍尔', '哈考特·威廉姆斯'",894185人评价,9.1,1953,https://movie.douban.com/subject/1293839/
tt0133093,黑客帝国,"不久的将来，网络黑客尼奥（基奴李维斯 饰）对这个看似正常的现实世界产生了怀疑。他结识了黑客崔妮蒂（凯莉·安·摩丝 饰），并见到了黑客组织的首领墨菲斯（劳伦斯·菲什伯恩 饰）。墨菲斯告诉他，现实世界其实..."" ", 美国,莉莉·沃卓斯基,"'基努·里维斯', '劳伦斯·菲什伯恩', '凯瑞-安·莫斯', '雨果·维文', '格洛丽亚·福斯特'",783327人评价,9.1,1999,https://movie.douban.com/subject/1291843/
tt0120737,指环王1：护戒使者,"比尔博·巴金斯是100多岁的霍比特人，住在故乡夏尔，生性喜欢冒险，在年轻时的一次探险经历中，他从怪物咕噜手中得到了至尊魔戒，这枚戒指是黑暗魔君索伦打造的至尊魔戒，拥有奴役世界的邪恶力量，能够统领其他几..."" ", 新西兰 ,彼得·杰克逊,"'伊利亚·伍德', '西恩·奥斯汀', '伊恩·麦克莱恩', '维果·莫腾森', '奥兰多·布鲁姆'",787157人评价,9.1,2001,https://movie.douban.com/subject/1291571/
tt0059855,大闹天宫,"话说在东土傲来国有一座花果山，山上有一尊石猴吸收日精月华化身为一只神猴（邱岳峰 音），统领着山中的猴子猴孙。为求得一件称心的宝贝，神猴孙大圣潜入龙宫，强硬求来大禹治水时的定海神针如意金箍棒。东海龙王（..."" ", 中国大陆,万籁鸣,"'邱岳峰', '富润生', '毕克', '尚华', '于鼎'",397889人评价,9.4,1961,https://movie.douban.com/subject/1418019/
tt0097165,死亡诗社,, 美国,彼得·威尔,"'罗宾·威廉姆斯', '罗伯特·肖恩·莱纳德', '伊桑·霍克', '乔西·查尔斯', '盖尔·汉森'",659715人评价,9.1,1989,https://movie.douban.com/subject/1291548/
tt0071562,教父2,"迈克尔（阿尔·帕西诺 饰）是美利坚黑手党科利昂家族的头目。 迈克尔的父亲维托·安多里尼（罗伯特·德尼罗 饰）出生于意大利科利昂镇。1901年，维托的父亲安东尼奥、兄长保罗、母亲（玛丽亚·卡塔 饰）都死..."" ", 美国,弗朗西斯·福特·科波拉,"'阿尔·帕西诺', '罗伯特·杜瓦尔', '黛安·基顿', '罗伯特·德尼罗', '约翰·凯泽尔'",506957人评价,9.3,1974,https://movie.douban.com/subject/1299131/
tt6966692,绿皮书,"托尼（维果·莫腾森 Viggo Mortensen 饰）是一个吊儿郎当游手好闲的混混，在一家夜总会做侍者。这间夜总会因故要停业几个月，可托尼所要支付的房租和生活费不会因此取消，所以他的当务之急是去寻找..."" ", 美国 ,彼得·法雷里,"'维果·莫腾森', '马赫沙拉·阿里', '琳达·卡德里尼', '塞巴斯蒂安·马尼斯科', '迪米特·D·马里诺夫'",1510641人评价,8.9,2018,https://movie.douban.com/subject/27060077/
tt3404140,辩护人,"1978年，只有高中学历的宋佑硕（宋康昊 饰）通过多年的艰苦努力，终于通过司法考试，并在成为法官后很快转行成为一名律师。他敏锐地从最新政策中嗅到商机，以不动产代书业务起家。虽然被同行讥讽为随时随地派发..."" ", 韩国,杨宇硕,"'宋康昊', '金英爱', '吴达洙', '郭度沅', '任时完'",553476人评价,9.2,2013,https://movie.douban.com/subject/21937445/
tt0110357,狮子王,, 美国,罗杰·阿勒斯,"'乔纳森·泰勒·托马斯', '马修·布罗德里克', '杰瑞米·艾恩斯', '詹姆斯·厄尔·琼斯', '莫伊拉·凯利'",776756人评价,9.1,1994,https://movie.douban.com/subject/1301753/
tt0137523,搏击俱乐部,, 美国 ,大卫·芬奇,"'爱德华·诺顿', '布拉德·皮特', '海伦娜·伯翰·卡特', '扎克·格雷尼尔', '米特·洛夫'",791629人评价,9.0,1999,https://movie.douban.com/subject/1292000/
tt0111797,饮食男女,"台湾中国菜硕果仅存的大师老朱（郎雄）退休后，渐尝老年生活的诸多尴尬：每周日费心做出的一桌丰盛菜肴，并无将三个女儿（杨贵媚、吴倩莲、王渝文）齐齐拉到饭桌的吸引力，已经长大成人的她们，心里藏了许多比陪父亲..."" ", 中国台湾 ,李安,"'郎雄', '杨贵媚', '吴倩莲', '王渝文', '张艾嘉'",570014人评价,9.2,1994,https://movie.douban.com/subject/1291818/
tt0268978,美丽心灵,, 美国,朗·霍华德,"'罗素·克劳', '艾德·哈里斯', '詹妮弗·康纳利', '克里斯托弗·普卢默', '保罗·贝坦尼'",717050人评价,9.1,2001,https://movie.douban.com/subject/1306029/
tt0421715,本杰明·巴顿奇事,"飓风正在侵袭美国新奥尔良，一位病危的老妇睁开了她的睡眼。老妇名叫戴茜（凯特·布兰切特饰），她叫女儿凯若琳（朱莉娅•奥蒙德饰）为她阅读一本日记。这本日记的作者叫本杰明•巴顿（布拉德•皮特饰）。本杰明出生..."" ", 美国,大卫·芬奇,"'凯特·布兰切特', '布拉德·皮特', '朱莉娅·奥蒙德', '芳妮·A·钱勃丝', '伊莱亚斯·科泰斯'",919336人评价,9.0,2008,https://movie.douban.com/subject/1485260/
tt0405094,窃听风暴,"1984年的东德，整个社会笼罩在国家安全局的高压统治之下，特工魏斯曼（乌尔里希·穆埃 Ulrich Mühe 饰）奉命监听剧作家德莱曼（塞巴斯蒂安·科赫 Sebastian Koch 饰）及其女友演员..."" ", 德国,弗洛里安·亨克尔·冯·多纳斯马尔克,"'乌尔里希·穆埃', '马蒂娜·格德克', '塞巴斯蒂安·科赫', '乌尔里希·图库尔', '托马斯·蒂梅'",525886人评价,9.2,2006,https://movie.douban.com/subject/1900841/
tt0914798,穿条纹睡衣的男孩,"八岁男孩布鲁诺（Asa Butterfield 饰）一家随着纳粹军官父亲的一纸调令，由柏林搬迁到了乡下。失去了朋友们的布鲁诺很快对新家附近的“农庄”产生了兴趣，那里有一群身穿“条纹睡衣”的人终日忙碌，..."" ", 英国 ,马克·赫尔曼,"'阿萨·巴特菲尔德', '维拉·法米加', '卡拉·霍根', '祖萨·霍尔', '安贝尔·比蒂'",513157人评价,9.2,2008,https://movie.douban.com/subject/3008247/
tt0113703,情书,"日本神户某个飘雪的冬日，渡边博子（中山美穗）在前未婚夫藤井树的两周年祭日上又一次悲痛到不能自已。正因为无法抑制住对已逝恋人的思念，渡边博子在其中学同学录里发现“藤井树” 在小樽市读书时的地址时，依循着..."" ", 日本,岩井俊二,"'中山美穗', '丰川悦司', '酒井美纪', '柏原崇', '范文雀'",1012397人评价,8.9,1995,https://movie.douban.com/subject/1292220/
tt0120735,两杆大烟枪,"艾迪（尼克·莫伦）思维敏捷，是个玩牌高手。在三个好友的支持下，艾迪携巨资参加了黑社会的高额赌局，不想落入圈套，欠下50万的赌债。为了还清赌债，艾迪和朋友们绞尽脑汁，最终算计到一群毒贩身上，并为打劫购买..."" ", 英国,盖·里奇,"'杰森·弗莱明', '德克斯特·弗莱彻', '尼克·莫兰', '杰森·斯坦森', '斯蒂文·麦金托什'",558636人评价,9.1,1998,https://movie.douban.com/subject/1293350/
tt0213847,西西里的美丽传说,, 意大利 ,朱塞佩·托纳多雷,"'莫妮卡·贝鲁奇', '朱塞佩·苏尔法罗', '玛蒂尔德·皮亚纳', '埃丽萨·莫鲁奇', '奥罗拉·夸特罗基'",910484人评价,8.9,2000,https://movie.douban.com/subject/1292402/
tt4857264,看不见的客人,"艾德里安（马里奥·卡萨斯 Mario Casas 饰）经营着一间科技公司，事业蒸蒸日上，家中有美丽贤惠的妻子和活泼可爱的女儿，事业家庭双丰收的他是旁人羡慕的对象。然而，野心勃勃的艾德里安并未珍惜眼前来..."" ", 西班牙,奥里奥尔·保罗,"'马里奥·卡萨斯', '阿娜·瓦格纳', '何塞·科罗纳多', '巴巴拉·莱涅', '弗兰塞斯克·奥雷利亚'",1163137人评价,8.8,2016,https://movie.douban.com/subject/26580232/
tt0059742,音乐之声,"玛利亚（朱丽·安德鲁斯  饰）是一个年轻活泼的修女，喜欢在大自然下高声歌唱，所以她常常忘记了修道院里的规矩。院长认为玛利亚并不属于规矩严格的修道院。院长与众嬷嬷商量后，决定安排玛利亚到一位名叫特拉普（..."" ", 美国,罗伯特·怀斯,"'朱莉·安德鲁斯', '克里斯托弗·普卢默', '埃琳诺·帕克', '理查德·海顿', '佩吉·伍德'",559203人评价,9.1,1965,https://movie.douban.com/subject/1294408/
tt0120815,拯救大兵瑞恩,, 美国,史蒂文·斯皮尔伯格,"'汤姆·汉克斯', '汤姆·塞兹摩尔', '爱德华·伯恩斯', '巴里·佩珀', '亚当·戈德堡'",603657人评价,9.1,1998,https://movie.douban.com/subject/1292849/
tt0073486,飞越疯人院,"麦克墨菲（杰克·尼科尔森 Jack Nicholson 饰）为了逃避监狱里的强制劳动，装作精神异常，被送进了精神病院，他的到来，给死气沉沉的精神病院带来了剧烈的冲击。 麦克要求看棒球比赛的电视转播，挑..."" ", 美国,米洛斯·福尔曼,"'杰克·尼科尔森', '丹尼·德维托', '克里斯托弗·洛伊德', '路易丝·弗莱彻', '威尔·萨姆森'",517305人评价,9.1,1975,https://movie.douban.com/subject/1292224/
tt0118849,小鞋子,"家境贫寒的男孩Ali（Amir Farrokh Hashemian）帮妹妹Zahra（Bahare Seddiqi）取修补好的鞋子时，不慎将鞋子弄丢，为了不被父（Mohammad Amir Naji）..."" ", 伊朗,马基德·马基迪,"'默罕默德·阿米尔·纳吉', '法拉赫阿米尔·哈什米安', '巴哈丽·西迪奇', '纳菲丝·贾法-穆罕默迪', '费雷什特·萨拉班迪'",380162人评价,9.2,1997,https://movie.douban.com/subject/1303021/
tt0499549,阿凡达,"战斗中负伤而下身瘫痪的前海军战士杰克·萨利（萨姆·沃辛顿 Sam Worthington 饰）决定替死去的同胞哥哥来到潘多拉星操纵格蕾丝博士（西格妮·韦弗 Sigourney Weaver 饰）用人类..."" ", 美国,詹姆斯·卡梅隆,"'萨姆·沃辛顿', '佐伊·索尔达娜', '西格妮·韦弗', '史蒂芬·朗', '米歇尔·罗德里格兹'",1291373人评价,8.8,2009,https://movie.douban.com/subject/1652587/
tt1201607,哈利·波特与死亡圣器(下),"当又一次和伏地魔（拉尔夫·费因斯 Ralph Fiennes 饰）的意识连通，哈利·波特（丹尼尔·雷德克里夫 Daniel Radcliffe 饰）断定最后一件魂器藏在霍格沃茨，于是和罗恩（鲁伯特·格..."" ", 美国 ,大卫·叶茨,"'丹尼尔·雷德克里夫', '艾玛·沃森', '鲁伯特·格林特', '海伦娜·伯翰·卡特', '拉尔夫·费因斯'",761017人评价,8.9,2011,https://movie.douban.com/subject/3011235/
tt0102926,沉默的羔羊,"联调局学院学员 Clarice M. Starling（乔迪·福斯特 饰）受行为科学组的 Jack Crawford（斯科特·格伦 饰）指派，前往州立巴尔的摩法医院访问被监禁的精神科医生 Hannib..."" ", 美国,乔纳森·戴米,"'朱迪·福斯特', '安东尼·霍普金斯', '斯科特·格伦', '安东尼·希尔德', '布鲁克·史密斯'",818806人评价,8.9,1991,https://movie.douban.com/subject/1293544/
tt0482571,致命魔术,"19世纪末，人们对科学文明还不是认识得太过清楚，于是，安吉尔（休•杰克曼Hugh Jackman饰）和伯登（克里斯蒂安•贝尔Christian Bale饰）的魔术，成为了伦敦城内的神奇人物。安吉尔出身..."" ", 英国 ,克里斯托弗·诺兰,"'休·杰克曼', '克里斯蒂安·贝尔', '迈克尔·凯恩', '丽贝卡·豪尔', '斯嘉丽·约翰逊'",800226人评价,8.9,2006,https://movie.douban.com/subject/1780330/
tt1130884,禁闭岛,"本片根据美国小说家丹尼斯·勒翰（Dennis Lehane）的同名小说改编。 1954年，联邦警官泰迪（莱昂纳多·迪卡普里奥 Leonardo DiCaprio 饰）和搭档查克（马克·鲁弗洛 Mark..."" ", 美国,马丁·斯科塞斯,"'莱昂纳多·迪卡普里奥', '马克·鲁弗洛', '本·金斯利', '马克斯·冯·叙多夫', '米歇尔·威廉姆斯'",900235人评价,8.9,2010,https://movie.douban.com/subject/2334904/
tt2278388,布达佩斯大饭店,"故事要从一位无名作家（裘德·洛 Jude Law 饰）说起，为了专心创作，他来到了名为“布达佩斯”的饭店，在这里，作家遇见了饭店的主人穆斯塔法（F·莫里·亚伯拉罕 F. Murray Abraham ..."" ", 美国 ,韦斯·安德森,"'拉尔夫·费因斯', '托尼·雷沃罗利', '艾德里安·布洛迪', '威廉·达福', '裘德·洛'",854661人评价,8.9,2014,https://movie.douban.com/subject/11525673/
tt1313104,海豚湾,"日本和歌山县太地，是一个景色优美的小渔村，然而这里却常年上演着惨无人道的一幕。每年，数以万计的海豚经过这片海域，他们的旅程却在太地戛然而止。渔民们将海豚驱赶到靠近岸边的一个地方，来自世界各地的海豚训练..."" ", 美国,路易·西霍尤斯,"'路易·西霍尤斯', 'Hayato Sakurai', 'Mandy-Rae Cruikshank', 'Kirk Krack', '伊莎贝尔·卢卡斯'",341198人评价,9.3,2009,https://movie.douban.com/subject/3442220/
tt0289879,蝴蝶效应,"伊万（艾什顿·库奇 Ashton Kutcher 饰）曾经有一个糟糕的童年，因为他行为闯下了大祸，令他童年充满不堪回忆的往事。而事实上，他确实只是依稀记得一点可怕的情景，这些情景一直纠缠着他的正常生活..."" ", 美国 ,埃里克·布雷斯,"'阿什顿·库彻', '梅洛拉·沃尔特斯', '艾米·斯马特', '埃尔登·汉森', '威廉姆·李·斯科特'",872232人评价,8.9,2004,https://movie.douban.com/subject/1292343/
tt0087843,美国往事,"1933年，纽约流氓Noodles（罗伯特·德·尼罗 饰）因向哈洛伦警司（布鲁斯·巴伦堡 饰）通风报信害死了三名同伙而被追杀。逃亡之前，他打开了存放帮派基金的手提箱，里面却只有报纸。 1968年，已改..."" ", 美国 ,赛尔乔·莱昂内,"'罗伯特·德尼罗', '詹姆斯·伍兹', '伊丽莎白·麦戈文', '乔·佩西', '波特·杨'",385072人评价,9.2,1984,https://movie.douban.com/subject/1292262/
tt0119217,心灵捕手,"麻省理工学院的数学教授蓝波在席上公布了一道困难的数学题，却被年轻的清洁工威尔（马特·戴蒙 饰）解了出来。可是威尔却是个问题少年，成天和好朋友查克（本·阿弗莱特 饰）等人四处闲逛，打架滋事。当蓝波找到这..."" ", 美国,格斯·范·桑特,"'马特·达蒙', '罗宾·威廉姆斯', '本·阿弗莱克', '斯特兰·斯卡斯加德', '明妮·德里弗'",659453人评价,8.9,1997,https://movie.douban.com/subject/1292656/
tt0110912,低俗小说,, 美国,昆汀·塔伦蒂诺,"'约翰·特拉沃尔塔', '乌玛·瑟曼', '阿曼达·普拉莫', '蒂姆·罗斯', '塞缪尔·杰克逊'",774908人评价,8.9,1994,https://movie.douban.com/subject/1291832/
tt0118845,春光乍泄,"黎耀辉（梁朝伟）与何宝荣（张国荣）是一对同性恋人，为了有新的开始，他们怀着美丽的梦想（去看南美洲大瀑布）离开香港来到阿根廷，却在布宜诺斯艾利斯迷了路。黎耀辉想安下心来过日子，无奈何宝荣于夜夜笙歌中放纵..."" ", 中国香港 ,王家卫,"'张国荣', '梁朝伟', '张震', '格利高里·戴顿'",586534人评价,9.0,1997,https://movie.douban.com/subject/1292679/
tt0027977,摩登时代,"二十年代的美国处于经济萧条时期，失业率居高不下，工人受尽压榨，成为了大机器生产中的一颗螺丝钉。查理（查理·卓别林 Charles Chaplin 饰）就是一个底层市民，他在一个机器隆隆的厂房里日以继夜..."" ", 美国,查理·卓别林,"'查理·卓别林', '宝莲·高黛', '亨利·伯格曼', '蒂尼·桑福德', '切斯特·康克林'",276871人评价,9.3,1936,https://movie.douban.com/subject/1294371/
tt0188766,喜剧之王,"尹天仇（周星驰 饰）一直醉心戏剧，想成为一名演员，平时除了做跑龙套以外，还会在街坊福利会里开设演员训练班。此时舞小姐柳飘飘在妈妈桑的带领下来到这里要求学做戏，原来柳飘飘有一段非常不愉快的经历，在尹天仇..."" ", 中国香港,周星驰,"'周星驰', '张柏芝', '莫文蔚', '吴孟达', '林子善'",898819人评价,8.8,1999,https://movie.douban.com/subject/1302425/
tt0114369,七宗罪,"“暴食”、“贪婪”、“懒惰”、“嫉妒”、“骄傲”、“淫欲”、“愤怒”，这是天主教教义所指的人性七宗罪。城市中发生的连坏杀人案，死者恰好都是犯有这些教义的人。凶手故弄玄虚的作案手法，令资深冷静的警员沙摩..."" ", 美国,大卫·芬奇,"'摩根·弗里曼', '布拉德·皮特', '凯文·史派西', '格温妮斯·帕特洛', '安德鲁·凯文·沃克'",888743人评价,8.8,1995,https://movie.douban.com/subject/1292223/
tt0373074,功夫,, 中国大陆 ,周星驰,"'周星驰', '元秋', '元华', '黄圣依', '梁小龙'",1014978人评价,8.8,2004,https://movie.douban.com/subject/1291543/
tt0304141,哈利·波特与阿兹卡班的囚徒,"哈利（丹尼尔·雷德克里夫）即将在霍格沃兹渡过第三个年头，此时在阿兹塔班却传出恶棍小天狼星（加里·奥德曼）越狱的消息。据说小天狼星正是背叛哈利父母的好友，他的教父，而这次小天狼星越狱似乎正是为了找他。哈..."" ", 英国 ,阿方索·卡隆,"'丹尼尔·雷德克里夫', '艾玛·沃森', '鲁伯特·格林特', '加里·奥德曼', '朱丽·沃特斯'",651471人评价,8.9,2004,https://movie.douban.com/subject/1291544/
tt0309698,致命ID,"一个典型而又引人入胜的悬疑故事：一个汽车旅馆里，住进了10个人，他们中间有司机、妓女、过气女星、夫妇、警探和他的犯人，还有神秘的旅馆经理。这天风雨大作，通讯中断，10人被困在了旅馆里，惊悚的故事开始了..."" ", 美国,詹姆斯·曼高德,"'约翰·库萨克', '雷·利奥塔', '阿曼达·皮特', '约翰·浩克斯', '阿尔弗雷德·莫里纳'",758252人评价,8.8,2003,https://movie.douban.com/subject/1297192/
tt1683526,超脱,"亨利•巴赫特（艾德里安•布洛迪 Adrien Brody 饰）来到社区学校担任代课老师。学校因学生反叛、经营不善而濒临绝境，多丽丝（刘玉玲 饰）为首的一批教师备受煎熬。亨利的第一堂课就遭遇了顽劣学生的..."" ", 美国,托尼·凯耶,"'艾德里安·布洛迪', '马西娅·盖伊·哈登', '詹姆斯·肯恩', '克里斯蒂娜·亨德里克斯', '刘玉玲'",522612人评价,9.0,2011,https://movie.douban.com/subject/5322596/
tt0353969,杀人回忆,"1986年，韩国京畿道华城郡，热得发昏的夏天，在田野边发现一具女尸，早已发臭。小镇警察朴探员（宋康昊饰）和汉城来的苏探员（金相庆饰）接手案件，唯一可证实的是这具女尸生前被强奸过。线索的严重缺乏让毫无经..."" ", 韩国,奉俊昊,"'宋康昊', '金相庆', '金雷夏', '宋在浩', '边希峰'",651272人评价,8.9,2003,https://movie.douban.com/subject/1300299/
tt0325980,加勒比海盗,"故事发生在17世纪，传说中海盗最为活跃的加勒比海。风趣迷人的杰克·斯伯洛（约翰尼·德普 Johnny Depp 饰），是活跃在加勒比海上的海盗，拥有属于自己的“黑珍珠”号海盗船。对他来说，最惬意的生活..."" ", 美国,戈尔·维宾斯基,"'约翰尼·德普', '杰弗里·拉什', '奥兰多·布鲁姆', '凯拉·奈特莉', '杰克·达文波特'",802843人评价,8.8,2003,https://movie.douban.com/subject/1298070/
tt0851578,红辣椒,, 日本,今敏,"'林原惠美', '江守彻', '堀胜之祐', '古谷彻', '大塚明夫'",418416人评价,9.1,2006,https://movie.douban.com/subject/1865703/
tt0768120,被嫌弃的松子的一生,, 日本,中岛哲也,"'中谷美纪', '永山瑛太', '香川照之', '市川实日子', '伊势谷友介'",664598人评价,8.9,2006,https://movie.douban.com/subject/1787291/
tt2106476,狩猎,"刚刚和妻子离婚的卢卡斯（麦斯·米科尔森 Mads Mikkelsen 饰）目前在一家托儿所工作，心地善良个性温和的他很快就受到了同事和孩子们的喜爱，其中，一个名叫卡拉（安妮卡·韦德科普 Annika ..."" ", 丹麦 ,托马斯·温特伯格,"'麦斯·米科尔森', '托玛斯·博·拉森', '安妮卡·韦德科普', '拉丝·弗格斯托姆', '苏西·沃德'",357584人评价,9.1,2012,https://movie.douban.com/subject/6985810/
tt5726616,请以你的名字呼唤我,"故事发生在八十年代的意大利里维埃拉，每年夏天，十七岁的少年艾力奥（提莫西·查拉梅 Timothée Chalamet 饰）都会跟家人一起来此地度假。今年，和他们共享假日时光的，还有来自美国的奥利弗（艾..."" ", 意大利 ,卢卡·瓜达尼诺,"'艾米·汉莫', '蒂莫西·柴勒梅德', '迈克尔·斯图巴', '阿蜜拉·卡萨', '艾斯特·加瑞尔'",665340人评价,8.9,2017,https://movie.douban.com/subject/26799731/
tt2659414,7号房的礼物,"1997年，只有6岁儿童智商的智障男子李龙久（柳成龙 饰）和可爱的女儿艺胜（葛素媛 饰）相依为命，生活虽然简单清贫，却充满幸福。某天，执着为女儿买美少女战士书包的龙久意外卷入一起幼童诱拐奸杀案，而死者..."" ", 韩国,李焕庆,"'柳承龙', '朴信惠', '郑镇荣', '金正泰', '吴达洙'",514911人评价,8.9,2013,https://movie.douban.com/subject/10777687/
tt0099487,剪刀手爱德华,"爱德华（约翰尼•戴普 饰）是一个机器人，他拥有人的心智，却有一双剪刀手，孤独地生活在古堡里，闯入古堡的化妆品推销员佩格把他带回家，让他走进了人类的世界。单纯的爱德华爱上了佩格的女儿金（薇诺娜•瑞德 饰..."" ", 美国,蒂姆·波顿,"'约翰尼·德普', '薇诺娜·瑞德', '黛安·韦斯特', '安东尼·迈克尔·豪尔', '凯西·贝克'",983701人评价,8.7,1990,https://movie.douban.com/subject/1292370/
tt0388795,断背山,"美国怀俄明州的西部，沉默寡言的农夫恩尼斯（希斯•莱杰饰）和热情开朗的牛仔杰克（杰克•吉伦希尔饰)一道被派到山上牧羊，那里人迹罕至，他们只有与羊群为伴，生活单调无味。一个天寒地冻的夜晚，在酒精与荷尔蒙的..."" ", 美国 ,李安,"'希斯·莱杰', '杰克·吉伦哈尔', '米歇尔·威廉姆斯', '安妮·海瑟薇', '凯特·玛拉'",667293人评价,8.8,2005,https://movie.douban.com/subject/1418834/
tt0112573,勇敢的心,"威廉•华莱士童年时，其父、苏格兰民族英雄马索•华莱士在与英军的斗争中牺牲，他开始接受父亲好友的指导，学习苏格兰文化和武术。青年华莱士（梅尔•吉布森）学成回到故乡，向美丽的少女梅伦求婚，不想梅伦被英军抢..."" ", 美国,梅尔·吉布森,"'梅尔·吉布森', '苏菲·玛索', '布莱恩·考克斯', '詹姆斯·科兹莫', '辛·劳洛'",533536人评价,8.9,1995,https://movie.douban.com/subject/1294639/
tt0108289,唐伯虎点秋香,"唐伯虎（周星驰 饰）身为江南四大才子之首，却有道不尽的心酸。宁王想唐伯虎帮忙图谋作反，唐伯虎只好用内功改变脉象，令众人都相信他命不久矣。母亲埋怨他不应该把功夫暴露，因为他们家族一直被当年的仇人追杀。唐..."" ", 中国香港,李力持,"'周星驰', '巩俐', '陈百祥', '郑佩佩', '朱咪咪'",995957人评价,8.7,1993,https://movie.douban.com/subject/1306249/
tt0295297,哈利·波特与密室,"哈利波特（丹尼尔•雷德克里夫 Daniel Radcliffe 饰）结束了假期，即将回到霍格沃兹继续学习魔法。一个叫多比的家养小精灵警告哈利不要回到霍格沃兹，否则会陷入极大的危险。哈利没有听从多比的劝..."" ", 英国 ,克里斯·哥伦布,"'丹尼尔·雷德克里夫', '艾玛·沃森', '鲁伯特·格林特', '汤姆·费尔顿', '理查德·格雷弗斯'",677570人评价,8.8,2002,https://movie.douban.com/subject/1296996/
tt0244316,一一,, 中国台湾 ,杨德昌,"'李凯莉', '金燕玲', '张洋洋', '萧淑慎', '尾形一成'",350081人评价,9.1,2000,https://movie.douban.com/subject/1292434/
tt1069238,入殓师,"买了昂贵的大提琴，想要成就一番事业的小林大悟（本木雅弘 饰），经历了4个月的管弦乐演奏，得到的却是“乐团解散”的噩耗与购买乐器的高昂债务。迫不得已，大悟与妻子美香（广末凉子 饰）搬到老屋，过着清贫的日..."" ", 日本,泷田洋二郎,"'本木雅弘', '广末凉子', '山崎努', '吉行和子', '笹野高史'",620171人评价,8.9,2008,https://movie.douban.com/subject/2149806/
tt0167404,第六感,"麦克（布鲁斯·威利斯 饰）是著名儿童心理学家，却也有始终未能治愈的患者，甚至因此遭到枪击，这名少年随后也饮枪自毙。这给麦克带来很大心理阴影，一年后他找到另一个症状很像这名患者的男孩柯尔（海利·乔·奥斯..."" ", 美国,M·奈特·沙马兰,"'布鲁斯·威利斯', '海利·乔·奥斯蒙', '托妮·科莱特', '奥莉维亚·威廉姆斯', '唐尼·沃尔伯格'",517385人评价,8.9,1999,https://movie.douban.com/subject/1297630/
tt0112471,爱在黎明破晓前,"美国青年杰西（伊桑·霍克 Ethan Hawke 饰）在火车上偶遇了法国女学生塞琳娜（朱莉·德尔佩 Julie Delpy 饰），两人在火车上交谈甚欢。当火车到达维也纳时，杰西盛情邀请塞琳娜一起在维也..."" ", 美国 ,理查德·林克莱特,"'伊桑·霍克', '朱莉·德尔佩', '安德莉亚·埃克特', '汉诺·波西尔', '卡尔·布拉克施魏格尔'",619346人评价,8.8,1995,https://movie.douban.com/subject/1296339/
tt0109424,重庆森林,"编号为223的警察（金城武）失恋后患上失恋综合症，在与金发女杀手（林青霞）擦肩而过又离奇相遇并有了一晚温情后，原本以为包括“爱情”在内的所有东西都有保质期的他意外地迎来心灵的短暂温暖。可是，他们的爱情..."" ", 中国香港,王家卫,"'林青霞', '金城武', '梁朝伟', '王菲', '周嘉玲'",750211人评价,8.8,1994,https://movie.douban.com/subject/1291999/
tt1345836,蝙蝠侠：黑暗骑士崛起,"检察官哈维·登特（艾伦·艾克哈特 Aaron Eckhart 饰）死后的八年间，哥谭市在戈登警长（加里·奥德曼 Gary Oldman 饰）的努力下有效地遏制了犯罪活动。而蝙蝠侠布鲁斯·韦恩（克里斯蒂..."" ", 美国 ,克里斯托弗·诺兰,"'克里斯蒂安·贝尔', '汤姆·哈迪', '安妮·海瑟薇', '约瑟夫·高登-莱维特', '玛丽昂·歌迪亚'",672106人评价,8.8,2012,https://movie.douban.com/subject/3395373/
tt0211915,天使爱美丽,"艾米莉（奥黛丽·塔图 Audrey Tautou 饰）有着别人看来不幸的童年——父亲给她做健康检查时，发现她心跳过快，便断定她患上心脏病，从此艾米莉与学校绝缘。随后因为一桩意外，母亲在她眼前突然死去。..."" ", 法国 ,让-皮埃尔·热内,"'奥黛丽·塔图', '马修·卡索维茨', '吕菲斯', '洛莱拉·克拉沃塔', '塞尔·梅林'",917796人评价,8.7,2001,https://movie.douban.com/subject/1292215/
tt0119698,幽灵公主,"为了拯救危难中的村民，阿斯达卡的右手中了凶煞神的诅咒。达卡只好离开亲人往西方流浪以寻找解除诅咒的方法。旅途中他遇到了由幻姬大人带领的穷苦村民在麒麟兽的森林里开采铁矿，提炼矿石。 白狼神莫娜和她养大的人..."" ", 日本,宫崎骏,"'松田洋治', '石田百合子', '田中裕子', '小林薰', '西村雅彦'",489854人评价,8.9,1997,https://movie.douban.com/subject/1297359/
tt0199683,菊次郎的夏天,, 日本,北野武,"'北野武', '关口雄介', '岸本加世子', '吉行和子', '细川典江'",551895人评价,8.9,1999,https://movie.douban.com/subject/1293359/
tt3474600,小森林 夏秋篇,"平凡女孩市子（桥本爱 饰）自幼生长在位于日本东北地区的村庄小森。这里远离都市的喧嚣和浮躁，为青山绿水所环绕，俨然一个幽静怡然的世外桃源。村民们日出而作，日落而息，依靠一双勤劳的双手经营渺小却舒适的生活..."" ", 日本,森淳一,"'桥本爱', '三浦贵大', '松冈茉优', '温水洋一', '桐岛加恋'",397560人评价,9.0,2014,https://movie.douban.com/subject/25814705/
tt0111786,阳光灿烂的日子,"20世纪70年代初的北京，忙着“闹革命”大人无空理会小孩，加上学校停课无事可做，以军队大院男孩为突出代表的少年人便自找乐子，靠起哄、打架、闹事、拍婆子等方式挥霍过量的荷尔蒙。马小军（夏雨 饰）就是这样..."" ", 中国大陆 ,姜文,"'夏雨', '宁静', '陶虹', '耿乐', '斯琴高娃'",574545人评价,8.9,1994,https://movie.douban.com/subject/1291875/
tt2245084,超能陆战队,"未来世界的超级都市旧京山（San Fransokyo），热爱发明创造的天才少年小宏，在哥哥泰迪的鼓励下参加了罗伯特·卡拉汉教授主持的理工学院机器人专业的入学大赛。他凭借神奇的微型磁力机器人赢得观众、参..."" ", 美国,唐·霍尔,"'斯科特·安第斯', '瑞恩·波特', '丹尼尔·海尼', 'T·J·米勒', '郑智麟'",941411人评价,8.7,2014,https://movie.douban.com/subject/11026735/
tt0107808,完美的世界,"单亲孩子菲利普·佩里（T·J·劳瑟 T.J. Lowther 饰）的母亲对他管教甚严，8岁的小菲利普甚至从未参加过一次鬼节讨糖果的游戏。附近州监狱的两名罪犯越狱成功，劫持了菲利普作为人质，向德州边界逃..."" ", 美国,克林特·伊斯特伍德,"'凯文·科斯特纳', '劳拉·邓恩', '克林特·伊斯特伍德', 'T·J·劳瑟', '基斯·斯扎拉巴基克'",288433人评价,9.1,1993,https://movie.douban.com/subject/1300992/
tt0381681,爱在日落黄昏时,"九年前，杰西（伊桑·霍克 Ethan Hawke 饰）与席琳（朱莉·德尔佩 Julie Delpy 饰）在火车上不期而遇，怦然心动。在维也纳渡过疯狂而又浪漫的一夜后，他们在日出前分手，并相约在维也纳重..."" ", 美国 ,理查德·林克莱特,"'伊桑·霍克', '朱莉·德尔佩', '弗农·多布切夫', '路易丝·勒莫瓦纳·托雷斯', '罗多尔·保利'",510069人评价,8.9,2004,https://movie.douban.com/subject/1291990/
tt0408664,无人知晓,"新搬来的公寓这家人是母亲惠子（You饰）带着四个孩子：明（柳乐优弥饰）、京子、茂、雪。但母亲却得对周围的人们撒谎说丈夫去海外工作，自己与长子两个人在一起生活。事实是其它三名弟妹是“黑孩子”，因为四个孩..."" ", 日本,是枝裕和,"'柳乐优弥', '北浦爱', '木村飞影', '清水萌萌子', '韩英惠'",292977人评价,9.1,2004,https://movie.douban.com/subject/1292337/
tt2267998,消失的爱人,"结婚五周年纪念日的早上，尼克·邓恩（本·阿弗莱克 Ben Affleck 饰）来到妹妹玛戈（凯莉·库恩 Carrie Coon 饰）的酒吧，咒骂抱怨那个曾经彼此恩爱缠绵的妻子艾米（罗莎蒙德·派克 Ro..."" ", 美国,大卫·芬奇,"'本·阿弗莱克', '裴淳华', '尼尔·帕特里克·哈里斯', '凯莉·库恩', '泰勒·派瑞'",863589人评价,8.7,2014,https://movie.douban.com/subject/21318488/
tt1568921,借东西的小人阿莉埃蒂,"虽然患有心脏方面的疾病，但是少年翔（神木隆之介 配音）的父母依然对他疏于呵护。为了准备即将到来的手术，翔来到了位于偏远乡间的姨婆（竹下景子 配音）家静养。姨婆家位于一片幽静的丛林中，这是一幢有着上百年..."" ", 日本,米林宏昌,"'志田未来', '神木隆之介', '树木希林', '三浦友和', '大竹忍'",511833人评价,8.9,2010,https://movie.douban.com/subject/4202302/
tt0117905,甜蜜蜜,, 中国香港,陈可辛,"'黎明', '张曼玉', '杨恭如', '曾志伟', '杜可风'",491450人评价,8.9,1996,https://movie.douban.com/subject/1305164/
tt0093978,倩女幽魂,"书生宁采臣（张国荣饰）收账不成，无处可归，遂夜宿鬼寺兰若寺，遇上侠士燕赤霞（午马饰），二人成为邻居。一日偶遇艳女小倩（王祖贤饰），二人两情相悦，但小倩乃是被树妖姥姥控制的鬼魂，专门迷惑精壮男子代姥姥吸..."" ", 中国香港,程小东,"'张国荣', '王祖贤', '午马', '刘兆铭', '林威'",683361人评价,8.8,1987,https://movie.douban.com/subject/1297447/
tt3474602,小森林 冬春篇,"于无法融入喧嚣吵闹的大城市，平凡女孩市子（桥本爱 饰）选择回到自幼生长的老家——位于日本东北地区的小森村。这里没有过多时尚文明的色彩，当地人过着日出而作日落而息的传统生活，他们靠天吃饭，靠着双手经营人..."" ", 日本,森淳一,"'桥本爱', '三浦贵大', '松冈茉优', '温水洋一', '桐岛加恋'",354614人评价,9.0,2015,https://movie.douban.com/subject/25814707/
tt0113824,侧耳倾听,"正在读初三的月岛雯是一个喜欢看书的女孩，她每次都能在借书卡上看到一个叫天泽圣司名字，因此她对这个人充满了好奇。 雯一直喜欢写诗，有一天她跟好友夕子在讨论写诗的事，夕子告诉雯自己收到了情书，但事实上夕子..."" ", 日本,近藤喜文,"'本名阳子', '小林桂树', '高山南', '高桥一生', '山下容莉枝'",429543人评价,8.9,1995,https://movie.douban.com/subject/1297052/
tt2194499,时空恋旅人,"Tim（多姆纳尔·格利森 Domhnall Gleeson 饰）21岁了，他的老爸（比尔·奈伊 Bill Nighy 饰）告诉他，他们家族的男人都有时光旅行的超能力，可以回到过去。于是Tim将信就疑地..."" ", 英国,理查德·柯蒂斯,"'多姆纳尔·格里森', '瑞秋·麦克亚当斯', '比尔·奈伊', '莉迪亚·威尔逊', '琳赛·邓肯'",605278人评价,8.8,2013,https://movie.douban.com/subject/10577869/
tt0362227,幸福终点站,"为了完成父亲的心愿，维克多（汤姆•汉克斯 Tom Hanks 饰）从故国乘坐飞机前往美国肯尼迪机场，但戏剧性的事情发生了：他被告知祖国发生政变，而他的身份证护照一一失效，同时他的签证也无法再使用。进退..."" ", 美国,史蒂文·斯皮尔伯格,"'汤姆·汉克斯', '凯瑟琳·泽塔-琼斯', '斯坦利·图齐', '齐·麦克布赖德', '迭戈·卢纳'",524594人评价,8.8,2004,https://movie.douban.com/subject/1292274/
tt0892769,驯龙高手,"维京岛国的少年小嗝嗝（杰伊•巴鲁切尔 Jay Baruchel 配音）是部落统领伟大的斯托里克（杰拉德·巴特勒 Gerard Butler 配音）的儿子，他非常想像自己的父亲一样亲手屠龙——这些飞龙是..."" ", 美国,迪恩·德布洛斯,"'杰伊·巴鲁切尔', '杰拉德·巴特勒', '克雷格·费格森', '亚美莉卡·费雷拉', '乔纳·希尔'",705956人评价,8.8,2010,https://movie.douban.com/subject/2353023/
tt2061702,萤火之森,"某年夏天，6岁小女孩竹川萤来到爷爷家度假，她闯进了传说住满妖怪的山神森林。正当她因为迷路而焦急万分的时候，一个戴着狐狸面具的大男孩出现在她面前，并引领着萤找到回家的路。虽然萤分外感激，可是男孩却禁止她..."" ", 日本,大森贵弘,"'佐仓绫音', '内山昂辉', '辻亲八', '山本兼平', '后藤弘树'",492829人评价,8.9,2011,https://movie.douban.com/subject/5989818/
tt0099674,教父3,, 美国,弗朗西斯·福特·科波拉,"'阿尔·帕西诺', '黛安·基顿', '塔莉娅·夏尔', '安迪·加西亚', '埃里·瓦拉赫'",342077人评价,9.0,1990,https://movie.douban.com/subject/1294240/
tt0198781,怪兽电力公司,"我们不知道，在那样的世界里住着那样一群怪物。他们长相滑稽，却必须装作狰狞。因为，在夜深的时候，他们要悄悄的出现在孩子的衣橱里，吓唬刚刚甜美睡去的宝宝。一切，只因为他们是怪物电力公司的员工，而孩子的尖叫..."" ", 美国,彼特·道格特,"'约翰·古德曼', '比利·克里斯托', '玛丽·吉布斯', '史蒂夫·布西密', '詹姆斯·柯本'",618628人评价,8.8,2001,https://movie.douban.com/subject/1291579/
tt0978762,玛丽和马克思,"1976年，8岁的玛丽·黛西·丁格尔（贝丝妮·惠特摩尔 Bethany Whitmore 配音）是澳大利亚墨尔本的一个小女孩，喜欢动画片“诺布利特”、甜炼乳和巧克力。玛丽的妈妈是个酒鬼，而在茶叶包装厂..."" ", 澳大利亚 ,亚当·艾略特,"'托妮·科莱特', '菲利普·塞默·霍夫曼', '巴瑞·哈姆弗莱斯', '艾瑞克·巴纳', '贝塔尼·维特莫尔'",402508人评价,8.9,2009,https://movie.douban.com/subject/3072124/
tt4080728,一个叫欧维的男人决定去死,"欧维（罗夫·拉斯加德 Rolf Lassgård 饰）是一个刻板而又固执的老头，他的妻子半年前死于疾病，留他一人生活在这个混乱不堪的世界之中。每天早晨，欧维都会定时在社区里进行巡视，确认所有的车辆都停..."" ", 瑞典,汉内斯·赫尔姆,"'罗夫·拉斯加德', '巴哈·帕斯', '托比亚斯·阿姆博瑞', '菲利普·伯格', '安娜-莱娜·布伦丁'",426112人评价,8.9,2015,https://movie.douban.com/subject/26628357/
tt6751668,寄生虫,"基宇（崔宇植 饰）出生在一个贫穷的家庭之中，和妹妹基婷（朴素丹 饰）以及父母在狭窄的地下室里过着相依为命的日子。一天，基宇的同学上门拜访，他告诉基宇，自己在一个有钱人家里给他们的女儿做家教，太太是一个..."" ", 韩国,奉俊昊,"'宋康昊', '李善均', '曹汝贞', '崔宇植', '朴素丹'",1277476人评价,8.8,2019,https://movie.douban.com/subject/27010768/
tt0435761,玩具总动员3,"距上一次的冒险已经过去11个年头，转眼间安迪（约翰·莫里斯 John Morris 配音）变成了17岁的阳光男孩。这年夏天，安迪即将开始大学生活，他必须将自己的房间收拾整齐留给妹妹。此前，伍迪（汤姆·..."" ", 美国,李·昂克里奇,"'汤姆·汉克斯', '蒂姆·艾伦', '琼·库萨克', '尼德·巴蒂', '唐·里克斯'",475630人评价,8.9,2010,https://movie.douban.com/subject/1858711/
tt0414387,傲慢与偏见,"根据简·奥斯汀同名小说改编。伊丽莎白·班纳特(凯拉·奈特丽 饰)出身于小地主家庭，有四个姐妹，母亲班纳特太太整天操心着为女儿物色称心如意的丈夫。新来的邻居宾格来先生和他的朋友达西（马修·麦克菲迪恩 饰..."" ", 法国 ,乔·赖特,"'凯拉·奈特莉', '马修·麦克费登', '唐纳德·萨瑟兰', '布兰达·布莱斯', '凯瑞·穆里根'",735427人评价,8.7,2005,https://movie.douban.com/subject/1418200/
tt0156887,未麻的部屋,"当红三人少女偶像团体Charming Bird面临解散，核心成员雾越未麻在事务所的安排下不得不退出团体，转型成为一名电视剧演员。万事开头难，对于偶像歌手转型而来的未麻尤其如此，她在工作中承受着压力，闷..."" ", 日本,今敏,"'岩男润子', '松本梨香', '辻亲八', '大仓正章', '秋元羊介'",296115人评价,9.1,1997,https://movie.douban.com/subject/1395091/
tt0319061,大鱼,"爱德华（伊万·麦克格雷格 Ewan McGregor 饰）生性热爱自由，成年之后，他选择离开家乡，踏上了环游世界的旅程。一路上，爱德华遇见了各种各样稀奇古怪的角色，经历了无数精彩绝伦的的冒险，而他日后..."" ", 美国,蒂姆·波顿,"'伊万·麦克格雷格', '阿尔伯特·芬尼', '比利·克鲁德普', '杰西卡·兰格', '海伦娜·伯翰·卡特'",534232人评价,8.8,2003,https://movie.douban.com/subject/1291545/
tt1323594,神偷奶爸,"超级坏蛋格鲁（史蒂夫·卡瑞尔 Steve Carell 配音）在听说埃及金字塔被盗的新闻后不满市面上新贼辈出，决定在纳法利欧博士（拉塞尔·布兰德 Russell Brand 配音）的帮助下建造火箭升空..."" ", 美国 ,皮埃尔·柯芬,"'史蒂夫·卡瑞尔', '杰森·席格尔', '拉塞尔·布兰德', '朱莉·安德鲁斯', '威尔·阿奈特'",889155人评价,8.6,2010,https://movie.douban.com/subject/3287562/
tt1590089,告白,"一所平凡的中学，1年B组即将迎来春假。不知天高地厚的学生们肆意吵闹，殊不知一场绵亘数月的风暴正向他们袭来。级任教师森口悠子（松隆子 饰）全然无视这片混乱，静静地向学生们做出最后的告白。这个单亲妈妈独自..."" ", 日本,中岛哲也,"'松隆子', '冈田将生', '木村佳乃', '西井幸人', '桥本爱'",635027人评价,8.8,2010,https://movie.douban.com/subject/4268598/
tt5700672,釜山行,"证券公司基金管理人石宇（孔侑 饰）光鲜精干，却也是个重利轻义之徒。妻子为此与之决裂，女儿秀安（金秀安 饰）则对如此自私的父亲越来越失望，决定前往釜山和母亲生活。在秀安生日这天，石宇抽出时间陪伴女儿登上..."" ", 韩国,延尚昊,"'孔刘', '郑有美', '马东锡', '金秀安', '金义城'",1111840人评价,8.6,2016,https://movie.douban.com/subject/25986180/
tt1853728,被解救的姜戈,"1858年，美国南北战争前两年。德国赏金猎人金·舒尔茨（克里斯托弗·瓦尔兹 Christoph Waltz饰）从贩奴商人手中买下黑奴姜戈（杰米·福克斯 Jamie Foxx饰），让其重获自由。舒尔茨实..."" ", 美国,昆汀·塔伦蒂诺,"'杰米·福克斯', '莱昂纳多·迪卡普里奥', '克里斯托弗·瓦尔兹', '塞缪尔·杰克逊', '凯丽·华盛顿'",565768人评价,8.8,2012,https://movie.douban.com/subject/6307447/
tt1937339,阳光姐妹淘,"25年前，高中生任娜美（沈恩京 饰）一家从全罗道搬到汉城，娜美入读真德女子高中，因方言浓重怯于开口的娜美幸运的得到了同班大姐头夏春花（姜索拉 饰）的维护，并与围绕在夏春花周围的执着于双眼皮的金玫瑰、满..."" ", 韩国,姜炯哲,"'沈恩京', '闵孝琳', '姜素拉', '南宝拉', '陈熙琼'",563543人评价,8.8,2011,https://movie.douban.com/subject/4917726/
tt0108074,射雕英雄传之东成西就,"金轮国王妃（叶玉卿 饰）与表哥欧阳锋（梁朝伟 饰）有染，为霸占江山，他们毒死了国王，但没找到传国玉玺。得知玉玺在前往九宫山找寻其师父求助的三公主（林青霞 饰）手里后，欧阳锋企图抢到手但没成功。糊涂国师..."" ", 中国香港,刘镇伟,"'梁朝伟', '林青霞', '张国荣', '叶玉卿', '张学友'",592654人评价,8.7,1993,https://movie.douban.com/subject/1316510/
tt0330373,哈利·波特与火焰杯,, 英国 ,迈克·内威尔,"'丹尼尔·雷德克里夫', '艾玛·沃森', '鲁伯特·格林特', '迈克尔·刚本', '玛吉·史密斯'",590213人评价,8.7,2005,https://movie.douban.com/subject/1309055/
tt0354770,哪吒闹海,"商末时期，陈塘关总兵李靖的夫人怀胎3年6个月，最终生下一个肉球，肉球中跳出一个伶俐可爱的男孩。李靖原当他是妖孽欲杀之而后快，幸太乙真人前来收之为徒，赐名哪吒，并赐以乾坤圈和混天绫两件宝贝。某年，天下大..."" ", 中国大陆,王树忱,"'梁正晖', '邱岳峰', '毕克', '富润生', '尚华'",238456人评价,9.1,1979,https://movie.douban.com/subject/1307315/
tt0277027,我是山姆,, 美国,杰茜·尼尔森,"'西恩·潘', '达科塔·范宁', '米歇尔·菲佛', '黛安·韦斯特', '洛雷塔·迪瓦恩'",313229人评价,9.0,2001,https://movie.douban.com/subject/1306861/
tt2990738,恐怖直播,"韩国首尔某个平凡的早上，广播电台Daily Topic节目的主持人尹英华（河正宇 饰）正就税率改革与听众进行连线，这时一个自称住在首尔昌信洞的普通工人朴鲁圭打入电话，大肆抱怨超高的电费和相关部门对他的..."" ", 韩国,金秉祐,"'河正宇', '李璟荣', '全慧珍', '李大卫', '金弘波'",607425人评价,8.7,2013,https://movie.douban.com/subject/21360417/
tt2625030,新世界,"金门集团会长、暴力组织在虎派大佬石东出遭遇车祸身亡，该事件在黑白两道引起不小震荡。为了遏制金门集团进一步向合法领域渗透并持续壮大，警方及时提出“新世界计划”，旨在干预金门集团继任大佬的选举。而围绕会长..."" ", 韩国,朴勋政,"'李政宰', '崔岷植', '黄政民', '宋智孝', '朴成雄'",375197人评价,8.9,2013,https://movie.douban.com/subject/10437779/
tt1677720,头号玩家,"故事发生在2045年，虚拟现实技术已经渗透到了人类生活的每一个角落。詹姆斯哈利迪（马克·里朗斯 Mark Rylance 饰）一手建造了名为“绿洲”的虚拟现实游戏世界，临终前，他宣布自己在游戏中设置了..."" ", 美国,史蒂文·斯皮尔伯格,"'泰伊·谢里丹', '奥利维亚·库克', '本·门德尔森', '马克·里朗斯', '丽娜·维特'",1276199人评价,8.7,2018,https://movie.douban.com/subject/4920389/
tt2119532,血战钢锯岭,"1945年，第二次世界大战接近尾声，作为邪恶轴心重要成员的日本，其嚣张态势已成强弩之末。是年，决定战局走向的冲绳岛战役拉开序幕，成千上万斗志昂扬的美国大兵被派往冲绳，等待他们的则是敌军重兵防守、凶险异..."" ", 澳大利亚 ,梅尔·吉布森,"'安德鲁·加菲尔德', '萨姆·沃辛顿', '文斯·沃恩', '雨果·维文', '卢克·布雷西'",737817人评价,8.7,2016,https://movie.douban.com/subject/26325320/
tt2084970,模仿游戏,"二战期间，盟军苦于德国的秘密系统“英格玛”无法破译，政府召集了一批民间数学家、逻辑学家进行秘密破解工作，图灵（本尼迪克特·康伯巴奇 Benedict Cumberbatch 饰）就是其中之一。计划刚开..."" ", 英国 ,莫滕·泰杜姆,"'本尼迪克特·康伯巴奇', '凯拉·奈特莉', '马修·古迪', '罗里·金尼尔', '艾伦·里奇'",598419人评价,8.8,2014,https://movie.douban.com/subject/10463953/
tt0107156,喜宴,"伟同（赵文瑄）是事业有成的男同志，与男友赛门（Mitchell Lichtenstein）在美国过着幸福的同居日子，烦恼来自要用各种招数应对远在台北的父（郎雄）母（归亚蕾）的一次次逼婚。伟同被逼以“乖..."" ", 中国台湾 ,李安,"'赵文瑄', '郎雄', '归亚蕾', '金素梅', '米切尔·利希藤斯坦'",327817人评价,9.0,1993,https://movie.douban.com/subject/1303037/
tt0047478,七武士,"日本战国时代，一小山村面临着山贼的威胁，为了保护秋天的收成，村中长老决定让去请武士来保护村子安全，但只能拿出的报酬是一天三顿的白米饭。在城里，他们遭到了武士白眼甚至被打。直到勘兵卫（志村乔饰）的出现，..."" ", 日本,黑泽明,"'三船敏郎', '志村乔', '津岛惠子', '岛崎雪子', '藤原釜足'",181921人评价,9.3,1954,https://movie.douban.com/subject/1295399/
tt0118694,花样年华,"1960年代的香港，报馆编辑周慕云（梁朝伟 饰）与太太搬进一间住户多是上海人的公寓，和某家日资公司的贸易代表陈先生与太太苏丽珍（张曼玉 饰）成了邻居。因为发现各自在外工作的配偶背着他们有了婚外情，周慕..."" ", 中国香港,王家卫,"'梁朝伟', '张曼玉', '潘迪华', '萧炳林', '张耀扬'",553713人评价,8.7,2000,https://movie.douban.com/subject/1291557/
tt0242653,黑客帝国3：矩阵革命,"第二集中，尼奥（基努·里维斯 Keanu Reeves 饰）没有能从内部摧毁“母体”，他的身体在真实世界的飞船上陷于昏迷，思想却被困在介于“母体”和真实世界的中间地带，这个地方由“火车人”控制。墨菲斯..."" ", 美国,拉娜·沃卓斯基,"'基努·里维斯', '劳伦斯·菲什伯恩', '凯瑞-安·莫斯', '雨果·维文', '贾达·萍克·史密斯'",418634人评价,8.8,2003,https://movie.douban.com/subject/1302467/
tt2096673,头脑特工队,"可爱的小女孩莱莉（凯特林·迪亚斯 Kaitlyn Dias 配音）出生在明尼苏达州一个平凡的家庭中，从小她在父母的呵护下长大，脑海中保存着无数美好甜蜜的回忆。当然这些记忆还与几个莱莉未曾谋面的伙伴息息..."" ", 美国,彼特·道格特,"'艾米·波勒', '菲利丝·史密斯', '理查德·坎德', '比尔·哈德尔', '刘易斯·布莱克'",563415人评价,8.8,2015,https://movie.douban.com/subject/10533913/
tt0387564,电锯惊魂,"一觉醒来的亚当（雷•沃纳尔 Leigh Whannell饰）发现自己被困在一个废弃的厕所里。他的对面是同样命运的劳伦斯（加利•艾尔维斯 Cary Elwes 饰）——他们被人用铁链绑住了腿，并吃惊发现..."" ", 美国,温子仁,"'雷·沃纳尔', '加利·艾尔维斯', '丹尼·格洛弗', '梁振邦', '迪娜·迈耶'",491272人评价,8.8,2004,https://movie.douban.com/subject/1417598/
tt0110201,九品芝麻官,"包龙星（周星驰 饰）用钱买来了一个候补知县的职位，可是为人贪婪，县上的人都对他痛恨之极。在他代替正式知县的时候，戚家媳妇戚秦氏（张敏 饰）遭到了常威( 邹兆龙 饰 )的强暴，后来常威动了杀机把戚家上下..."" ", 中国香港 ,王晶,"'周星驰', '吴孟达', '张敏', '徐锦江', '钟丽缇'",609777人评价,8.7,1994,https://movie.douban.com/subject/1297518/
tt5027774,三块广告牌,"米尔德雷德（弗兰西斯·麦克多蒙德 Frances McDormand 饰）的女儿在外出时惨遭奸杀，米尔德雷德和丈夫查理（约翰·哈克斯 John Hawkes 饰）之间的婚姻因此走到了尽头，如今，她同儿..."" ", 美国 ,马丁·麦克唐纳,"'弗兰西斯·麦克多蒙德', '伍迪·哈里森', '山姆·洛克威尔', '艾比·考尼什', '卢卡斯·赫奇斯'",769849人评价,8.7,2017,https://movie.douban.com/subject/26611804/
tt0790636,达拉斯买家俱乐部,"1986年美国达拉斯市，恐同的德州电工罗恩·伍德鲁夫（马修·麦康纳 Matthew McConaughey 饰）发现自己患上“同志病”——艾滋，生命只剩30天。他使用的AZT（叠氮胸苷）是当时美国药管..."" ", 美国,让-马克·瓦雷,"'马修·麦康纳', '詹妮弗·加纳', '杰瑞德·莱托', '斯蒂夫·扎恩', '达拉斯·罗伯特斯'",423916人评价,8.8,2013,https://movie.douban.com/subject/1793929/
tt5311514,你的名字。,"在远离大都会的小山村，住着巫女世家出身的高中女孩宫水三叶（上白石萌音 配音）。校园和家庭的原因本就让她充满烦恼，而近一段时间发生的奇怪事件，又让三叶摸不清头脑。不知从何时起，三叶在梦中就会变成一个住在..."" ", 日本,新海诚,"'神木隆之介', '上白石萌音', '长泽雅美', '市原悦子', '成田凌'",1293286人评价,8.5,2016,https://movie.douban.com/subject/26683290/
tt0395169,卢旺达饭店,"1994年卢旺达宣布独立后，胡图族与图西族两部族之间矛盾重重，多次发生冲突，战事持续不断。胡图族大肆屠杀图西族人，在这种背景下，卢旺达饭店经理保罗一直四面奔走，最终成功挽救了饭店里一千多名图西族和胡图..."" ", 英国 ,特瑞·乔治,"'唐·钱德尔', '苏菲·奥康内多', '华金·菲尼克斯', '尼克·诺特', '哈基姆·凯-卡西姆'",304330人评价,8.9,2004,https://movie.douban.com/subject/1291822/
tt0481499,疯狂原始人,"原始人咕噜一家六口在老爸Grug（尼古拉斯·凯奇 Nicolas Cage 配音）的庇护下生活。每天抢夺鸵鸟蛋为食，躲避野兽的追击，每晚听老爸叙述同一个故事，在山洞里过着一成不变的生活。大女儿Eep（..."" ", 美国,柯克·德·米科,"'尼古拉斯·凯奇', '艾玛·斯通', '瑞安·雷诺兹', '凯瑟琳·基纳', '克萝丽丝·利奇曼'",788649人评价,8.7,2013,https://movie.douban.com/subject/1907966/
tt0054215,惊魂记,"年轻的马里恩·克兰（珍妮特·利 饰）在Phoenix工作，深受老板洛厄里（沃恩·泰勒 饰）信任。男友萨姆·卢米斯（约翰·加文 饰）在Fairvale经营一家五金店，因要替亡父还债又要支付前妻赡养费而无..."" ", 美国,阿尔弗雷德·希区柯克,"'安东尼·博金斯', '维拉·迈尔斯', '约翰·加文', '珍妮特·利', '马丁·鲍尔萨姆'",260142人评价,9.0,1960,https://movie.douban.com/subject/1293181/
tt0317248,上帝之城,, 巴西 ,费尔南多·梅里尔斯,"'亚历桑德雷·罗德里格斯', '莱安德鲁·菲尔米诺', '菲利佩·哈根森', '道格拉斯·席尔瓦', '乔纳森·哈根森'",283535人评价,9.0,2002,https://movie.douban.com/subject/1292208/
tt0440963,谍影重重3,, 美国 ,保罗·格林格拉斯,"'马特·达蒙', '朱丽娅·斯蒂尔斯', '大卫·斯特雷泽恩', '斯科特·格伦', '帕迪·康斯戴恩'",392144人评价,8.8,2007,https://movie.douban.com/subject/1578507/
tt4078856,心迷宫,, 中国大陆,忻钰坤,"'霍卫民', '王笑天', '罗芸', '杨瑜珍', '孙黎'",477919人评价,8.7,2014,https://movie.douban.com/subject/25917973/
tt0092263,英雄本色,"香港某个国际伪钞集团重要分子宋子豪（狄龙 饰）和Mark（周润发 饰）情同手足，某次宋子豪带手下谭成（李子雄 饰）去台北交易时被其出卖受枪伤被捕入狱，为替好兄弟报仇，Mark孤身赴台，结果被人打成瘸子..."" ", 中国香港,吴宇森,"'周润发', '狄龙', '张国荣', '朱宝意', '李子雄'",495545人评价,8.6,1986,https://movie.douban.com/subject/1297574/
tt0087544,风之谷,"工业文明的高度发展，却最终带来灾难，一场为期7天的虫族毁灭战争摧毁了人类文明。一千年后，工业文明遗留下来的症结仍在困扰这个星球。带有强烈毒性的植物组成了令人望而却步的“腐海”森林，随着时间的推移，腐海..."" ", 日本,宫崎骏,"'岛本须美', '松田洋治', '榊原良子', '辻村真人', '京田尚子'",335538人评价,8.9,1984,https://movie.douban.com/subject/1291585/
tt0101020,纵横四海,, 中国香港,吴宇森,"'周润发', '张国荣', '钟楚红', '朱江', '曾江'",391118人评价,8.8,1991,https://movie.douban.com/subject/1295409/
tt3756788,海街日记,"临海古都镰仓，顺山而成的小镇，不起眼的角落里生活着香田家四姐妹。她们的父亲早年和情人离家出走，母亲则干脆将女儿们抛给了外婆照顾。外婆去世后，外孙女们继承了这栋有着悠久历史的大房子。过早担负起家庭重任的..."" ", 日本,是枝裕和,"'绫濑遥', '长泽雅美', '夏帆', '广濑铃', '大竹忍'",412318人评价,8.8,2015,https://movie.douban.com/subject/25895901/
tt0808357,色，戒,"本是岭南大学学生的王佳芝（汤唯 饰）因战争辗转到了香港读书，她在香港大学加入了爱国青年邝裕民（王力宏 饰）组织的话剧组，他们主演的爱国话剧更激起了他们的爱国情操。当邝裕民得知汪伪政府的特务头子易先生（..."" ", 中国台湾 ,李安,"'梁朝伟', '汤唯', '陈冲', '王力宏', '庹宗华'",707044人评价,8.6,2007,https://movie.douban.com/subject/1828115/
tt1602572,岁月神偷,, 中国香港 ,罗启锐,"'吴君如', '任达华', '钟绍图', '李治廷', '蔡颖恩'",548288人评价,8.7,2010,https://movie.douban.com/subject/3792799/
tt0209144,记忆碎片,, 美国,克里斯托弗·诺兰,"'盖·皮尔斯', '凯瑞-安·莫斯', '乔·潘托里亚诺', '小马克·布恩', '拉什·费加'",565252人评价,8.7,2000,https://movie.douban.com/subject/1304447/
tt0093132,忠犬八公物语,"1923年，日本秋田县大馆市天降大雪，近藤家纯种秋田犬产仔，赠与县土木科长间濑。后者将其中一犬转赠东京帝国大学教授上野秀次郎（仲代达矢 Tatsuya Nakadai 饰）驯养。上野的独生女千鹤子对此..."" ", 日本,神山征二郎,"'山本圭', '井川比佐志', '片桐入', '仲代达矢', '春川真澄'",179657人评价,9.2,1987,https://movie.douban.com/subject/1959195/
tt2209418,爱在午夜降临前,"被影迷奉为爱情圭臬的《爱在黎明破晓前》、《爱在日落黄昏时》终于迎来了第三部《爱在午夜降临前》。第一部中美国青年杰西（伊桑·霍克 Ethan Hawke 饰）坐火车邂逅法国女孩赛琳（朱莉·德尔佩 Jul..."" ", 美国 ,理查德·林克莱特,"'伊桑·霍克', '朱莉·德尔佩', '肖姆斯·戴维-菲茨帕特里克', '詹妮弗·普里尔', '夏洛特·普里尔'",361062人评价,8.9,2013,https://movie.douban.com/subject/10808442/
tt0120689,绿里奇迹,"狱监保罗（汤姆•汉克斯 Tom Hanks 饰）这天迎来了一位不平凡的杀人犯――约翰•考夫利（迈克•克拉克•邓肯 Michael Clarke Duncan 饰）。约翰因杀了两名幼女被判死刑来到了这座..."" ", 美国,弗兰克·德拉邦特,"'汤姆·汉克斯', '大卫·摩斯', '迈克·克拉克·邓肯', '邦尼·亨特', '詹姆斯·克伦威尔'",298452人评价,8.9,1999,https://movie.douban.com/subject/1300374/
tt3011894,荒蛮故事,"《荒蛮故事》是一部黑色喜剧，由6个独立的暴力复仇小故事构成。影片是一次对于人类失控行径的颠覆性创作，从怪异的幽默感，独特的画面和大胆的配乐，到对于身处绝境的普通人这一题材的偏爱，都可以清晰地看到南美鬼..."" ", 阿根廷 ,达米安·斯兹弗隆,"'达里奥·格兰迪内蒂', '玛丽娅·玛努尔', '莫妮卡·比利亚', '丽塔·科尔泰塞', '胡丽叶塔·泽尔贝伯格'",411354人评价,8.8,2014,https://movie.douban.com/subject/24750126/
tt1395030,茶馆,"世纪之交，古老的中国正迎来前所未有的巨大变革。老态龙钟的大清王朝摇摇欲坠，六君子的鲜血无法阻止历史车轮的滚动，老北京城的上空风云变幻，波谲云诡。王利发（于是之 饰），北京城内裕泰茶馆的年轻掌柜。他谨记..."" ", 中国大陆,谢添,"'于是之', '郑榕', '蓝天野', '英若诚', '黄宗洛'",113105人评价,9.5,1982,https://movie.douban.com/subject/1461403/
tt2582802,爆裂鼓手,"19岁少年安德鲁（迈尔斯·特勒 Miles Teller 饰）成长在单亲家庭，一心想成为顶级爵士乐鼓手。某晚他在学校练习时被魔鬼导师弗莱彻（J·K·西蒙斯 J.K. Simmons 饰）相中，进入正规..."" ", 美国,达米恩·查泽雷,"'迈尔斯·特勒', 'J·K·西蒙斯', '保罗·雷瑟', '梅莉莎·班诺伊', '奥斯汀·斯托维尔'",540472人评价,8.7,2014,https://movie.douban.com/subject/25773932/
tt8075192,小偷家族,"东京的都市丛林中央，残存着一栋古旧寒酸的老房子，这里局促地生活着柴田一家五口人。在工地当临时工的男人阿治（Lily Franky 饰）经常带着儿子祥太（城桧吏 饰）到超市盗窃生活用品，这一天，他们回家..."" ", 日本,是枝裕和,"'中川雅也', '安藤樱', '松冈茉优', '城桧吏', '佐佐木美结'",767502人评价,8.7,2018,https://movie.douban.com/subject/27622447/
tt1010048,贫民窟的百万富翁,, 英国,丹尼·博伊尔,"'戴夫·帕特尔', '沙鲁巴·舒克拉', '亚尼·卡普', '拉詹德拉纳斯·祖特施', '吉尼瓦·塔瓦尔'",704278人评价,8.6,2008,https://movie.douban.com/subject/2209573/
tt1772341,无敌破坏王,"无敌破坏王（约翰·C·赖利 John C. Reilly 配音）生活在一个80年代出品的低精度游戏中。他的设定身份是一个反派，每天的生活就是在游戏《快手阿修》中大搞破坏，其后由玩家操作的英雄人物快手阿..."" ", 美国,瑞奇·摩尔,"'约翰·C·赖利', '萨拉·西尔弗曼', '杰克·麦克布瑞尔', '简·林奇', '艾伦·图代克'",498789人评价,8.7,2012,https://movie.douban.com/subject/6534248/
tt0843270,疯狂的石头,"重庆一间工艺品厂已经濒临倒闭，却不料在拆倒旧厂房的时候，发现了厕所里的一件宝物——一块价值连城的翡翠。厂里决定用这块翡翠举办一个展览，赚些钱发拖欠了几个月的工人工资。期间由工艺品厂保卫科长包世宏（郭涛..."" ", 中国大陆 ,宁浩,"'郭涛', '刘桦', '连晋', '黄渤', '徐峥'",759668人评价,8.5,2006,https://movie.douban.com/subject/1862151/
tt0109688,东邪西毒,"在恋人（张曼玉）负气嫁给兄长的当晚，欧阳锋（张国荣）黯然离开白陀山，走进沙漠某个小镇，成为一名杀手中介人。他的朋友、风流剑客黄药师（梁家辉）每年都来小镇与他畅饮，酒话里有关白陀山的消息令他忘却往事的念..."" ", 中国香港 ,王家卫,"'张国荣', '林青霞', '梁朝伟', '张学友', '张曼玉'",541328人评价,8.6,1994,https://movie.douban.com/subject/1292328/
tt0314331,真爱至上,, 英国 ,理查德·柯蒂斯,"'休·格兰特', '科林·费尔斯', '艾玛·汤普森', '凯拉·奈特莉', '连姆·尼森'",681854人评价,8.6,2003,https://movie.douban.com/subject/1292401/
tt0268380,冰川时代,"冰河时期降至，动物们都急着迁徙到温暖的地方及储存食物。长毛象曼弗瑞德、树獭希德、剑齿虎迪亚戈为了帮助一个人类的婴儿回到父母身边，因而也掉了动物们迁徙的队伍。三只性格各异的动物，觉得集合力量帮助婴儿。一..."" ", 美国,卡洛斯·沙尔丹哈,"'雷·罗马诺', '约翰·雷吉扎莫', '丹尼斯·利瑞', '杰克·布莱克', '克里斯·韦奇'",573826人评价,8.6,2002,https://movie.douban.com/subject/1291578/
tt0045152,雨中曲,"1927年，由唐·洛克伍德（吉恩·凯利 饰）和丽娜·雷蒙德（简·哈根 饰）主演的《皇家流氓》在好莱坞首映。由于丽娜刺耳的嗓音无法匹配其夺目的外貌，为了维护明星形象，宣传部只得安排唐一人讲话。首映后，由..."" ", 美国,斯坦利·多南,"'吉恩·凯利', '唐纳德·奥康纳', '黛比·雷诺斯', '简·哈根', '米勒德·米切尔'",202414人评价,9.1,1952,https://movie.douban.com/subject/1293460/
tt1187064,恐怖游轮,"单亲母亲杰西（梅利莎·乔治 饰）和一帮朋友乘游艇出海游玩，但她总有一种有不好的事情发生的感觉。不久，他们便在海上遭遇一场强烈的风暴。游艇翻船，众人落海，几经挣扎他们好不容易爬到游艇残骸上来。正当他们无..."" ", 英国 ,克里斯托弗·史密斯,"'梅利莎·乔治', '利亚姆·海姆斯沃斯', '迈克尔·多曼', '瑞秋·卡帕尼', '艾玛·朗'",784839人评价,8.5,2009,https://movie.douban.com/subject/3011051/
tt1734113,你看起来好像很好吃,"哈特（山口胜平 饰）是一只被草食性恐龙养大的霸王龙。其实，早在它破壳而出时，草食性恐龙的首领就曾命令哈特的母亲（原田知世 饰）抛弃它，但母亲却最终还是偷偷把它养大。随着年龄的增长，每天只吃野果的哈特每..."" ", 日本,藤森雅也,"'山口胜平', '爱河里花子', '加藤清史郎', '原田知世', '川岛得爱'",311967人评价,8.9,2010,https://movie.douban.com/subject/4848115/
tt0947798,黑天鹅,"纽约剧团要重排《天鹅湖》，因前领舞Beth（薇诺娜•赖德 Winona Ryder 饰）离去，总监Thomas（文森特•卡索尔 Vincent Cassel. 饰）决定海选新领舞，且要求领舞要分饰黑天..."" ", 美国,达伦·阿伦诺夫斯基,"'娜塔莉·波特曼', '米拉·库尼斯', '文森特·卡索', '芭芭拉·赫希', '薇诺娜·瑞德'",744267人评价,8.6,2010,https://movie.douban.com/subject/1978709/
tt0062622,2001太空漫游,"这部影片是库布里克花了四年时间制作的充满哲学命题的鸿篇巨制。一块大黑石树立在史前人类的面前，他们刚刚开始认识工具，进入到进化的里程碑。同样的黑石还在宇宙多处出现，它们矗立在月球上，漂浮在太空中，带着某..."" ", 英国 ,斯坦利·库布里克,"'凯尔·杜拉', '加里·洛克伍德', '威廉姆·西尔维斯特', '丹尼尔·里希特', '雷纳德·洛塞特'",290715人评价,8.9,1968,https://movie.douban.com/subject/1292226/
tt0097814,魔女宅急便,"琪琪今年13岁了，按照魔法界的规矩，魔法少女年满13岁就要出外进行为期一年的修行。所以琪琪带着宠物黑猫吉吉踏上了修行之旅。然而，修行之旅开始得并不顺利，当琪琪来到海边一座大城市时，人们并没有欢迎她的到..."" ", 日本,宫崎骏,"'高山南', '佐久间玲', '户田惠子', '山口胜平', '信泽三惠子'",425993人评价,8.7,1989,https://movie.douban.com/subject/1307811/
tt0369060,无间道2,"1991年，香港黑帮龙头倪坤被杀，倪氏家族旗下五大头目中除韩琛（曾志伟）外，均伺机背叛发难，不料却被倪家不起眼的第二代倪永孝（吴镇宇）不费一兵一卒牵制，此举引来重案祖督察黄志诚（黄秋生）的戒心，使其派..."" ", 中国香港,刘伟强,"'陈冠希', '余文乐', '曾志伟', '黄秋生', '吴镇宇'",428698人评价,8.7,2003,https://movie.douban.com/subject/1307106/
tt0095953,雨人,"查理（汤姆·克鲁斯 Tom Cruise 饰）父亲去世，留下了300万美元的遗产。然而令他意外的是，遗产全部给了一个他不认识的哥哥雷蒙（达斯汀·霍夫曼 Dustin Hoffman 饰）。雷蒙的名字查..."" ", 美国,巴瑞·莱文森,"'达斯汀·霍夫曼', '汤姆·克鲁斯', '瓦莱丽亚·戈利诺', '邦尼·亨特', '贝丝·格兰特'",379405人评价,8.7,1988,https://movie.douban.com/subject/1291870/
tt0825232,遗愿清单,"老富翁爱德华•科尔（杰克•尼克尔森 Jack Nicholson 饰）近年来在公立医院的私有化改造事业中获利颇丰，他为节省成本，规定病房“一房两床”的做法颇受非议，但性格强势的科尔不以为意，岂料他不久..."" ", 美国,罗伯·莱纳,"'杰克·尼科尔森', '摩根·弗里曼', '西恩·海耶斯', '贝弗利·陶德', '罗伯·莫洛'",411119人评价,8.7,2007,https://movie.douban.com/subject/1867345/
tt0101985,牯岭街少年杀人事件,"结识小明（杨静怡）前，小四（张震）是典型的乖仔，是父母的希望和兄妹的骄傲（一家人指望他考上名牌大学将来提升全家的社会地位），他有一个喜欢摇滚乐的自称“小猫王（王启赞）”的好友，两人虽会去树林看人幽会，..."" ", 中国台湾,杨德昌,"'张震', '杨静怡', '张国柱', '王启赞', '林鸿铭'",266104人评价,8.9,1991,https://movie.douban.com/subject/1292329/
tt0332280,恋恋笔记本,"一个浸润着鲜红与纯白的爱情故事，写在一本洒满昏黄的笔记本上，被一位老先生(詹姆斯·加纳 饰)，一遍一遍的讲述。老太太(吉娜·罗兰兹 饰)总是静静的听着，好奇的追问结果。在一家疗养院，这样不变的场景每天..."" ", 美国,尼克·卡萨维蒂,"'瑞恩·高斯林', '瑞秋·麦克亚当斯', '吉娜·罗兰兹', '詹姆斯·加纳', '斯塔尔勒塔·杜波利斯'",623788人评价,8.6,2004,https://movie.douban.com/subject/1309163/
tt7010412,大佛普拉斯,"菜埔（庄益增 饰）是一家雕塑厂的夜间保安，家中有一位重病的老母亲需要照顾。肚财（陈竹昇 饰）是菜埔唯一的朋友，菜埔经常在值夜班的时候把肚财叫过来和他作伴。一天，两人突发奇想决定看一看菜埔的老板黄启文（..."" ", 中国台湾,黄信尧,"'庄益增', '陈竹昇', '戴立忍', '张少怀', '陈以文'",411469人评价,8.7,2017,https://movie.douban.com/subject/27059130/
tt0386651,可可西里,"尕玉（张磊 饰）本来是个警察，为了调查藏羚羊猎杀状况，他假扮记者身份，随考察团来到可可西里——那里气候寒冷、空气稀薄，含氧量极低。就在这个人类生存的“禁区”，尕玉目睹了一幕幕人性的贪婪以及人类与环境的..."" ", 中国大陆 ,陆川,"'多布杰', '张垒', '奇道', '赵雪莹', '马占林'",280957人评价,8.9,2004,https://movie.douban.com/subject/1308857/
tt0021749,城市之光,"他是一个流浪汉（查理·卓别林 Charles Chaplin 饰），身无分文，遇上了双目失明的卖花女，却不忍袖手旁观。他想尽办法去凑够费用，供卖花女治病。一天，他搭救了一个富翁，富翁当晚和他称兄道弟，..."" ", 美国,查理·卓别林,"'查理·卓别林', '弗吉尼亚·切瑞尔', '佛罗伦斯·李', '亨利·伯格曼', '珍·哈露'",132748人评价,9.3,1931,https://movie.douban.com/subject/1293908/
tt0109235,背靠背，脸对脸,"王双立（牛振华 饰）是某地文化馆的代馆长，这个馆长一代就是好几年，想升也升不上去，却也没有其他变动。不料一天，来了新的文化馆长老马（雷恪生 饰），这让王双立离正馆长的距离更远了。新馆长老马原是个副乡长..."" ", 中国大陆 ,黄建新,"'牛振华', '雷恪生', '李强', '句号', '王劲松'",110043人评价,9.5,1994,https://movie.douban.com/subject/1307856/
tt7286456,小丑,"湿冷无望的哥谭市，卑微的亚瑟·弗兰克（华金·菲尼克斯 Joaquin Phoenix 饰）依靠扮演小丑赚取营生。与之相依为命的母亲患有精神疾病，而亚瑟深记母亲的教诲，无论遭受怎样的挫折都笑对人生，却因..."" ", 美国 ,托德·菲利普斯,"'华金·菲尼克斯', '罗伯特·德尼罗', '马克·马龙', '莎姬·贝兹', '谢伊·惠格姆'",936586人评价,8.7,2019,https://movie.douban.com/subject/27119724/
tt0388473,东京教父,"圣诞夜，退役自行车选手Gin，性倒错者花，离家出走的少女美由纪三人在东京的雪夜中无所事事。这时，他们发现垃圾堆中有一位哭泣的弃婴。孩子的襁褓中仅有一个酒吧的名片与照片。婴儿的父母身份成了谜团。 花想收..."" ", 日本,今敏,"'江守彻', '梅垣义明', '冈本绫', '饭塚昭三', '加藤精三'",196917人评价,9.0,2003,https://movie.douban.com/subject/1310177/
tt0945513,源代码,"在阿富汗执行任务的美国空军飞行员科特史蒂文斯上尉（杰克·吉伦哈尔 Jake Gyllenhaal 饰）突然惊醒，发现自己在一辆高速行驶的列车上，而他的身边坐着一个素不相识的女子克里斯蒂安（米歇尔·莫娜..."" ", 美国 ,邓肯·琼斯,"'杰克·吉伦哈尔', '维拉·法米加', '米歇尔·莫纳汉', '杰弗里·怀特', '拉塞尔·皮特斯'",783667人评价,8.5,2011,https://movie.douban.com/subject/3075287/
tt0095327,萤火虫之墓,"美日战争爆发，14岁的清太带着年幼的妹妹到处逃命，当他们到达防空洞的时候，母亲已身受重伤，没过多久便不久人世。两兄妹自此过着相依为命的日子。他们只好投靠了母亲的姐妹，纵使他们把家里所有的家当都送给了阿..."" ", 日本,高畑勋,"'山口朱美', '志乃原良子', '白石绫乃', '辰巳努'",385504人评价,8.7,1988,https://movie.douban.com/subject/1293318/
tt0060474,虎口脱险,, 法国 ,热拉尔·乌里,"'路易·德·菲奈斯', '布尔维尔', '克劳迪奥·布鲁克', '安德丽·帕里西', '科莱特·布罗塞'",235432人评价,8.9,1966,https://movie.douban.com/subject/1296909/
tt1859438,初恋这件小事,"初中生小水相貌平平，家境一般，所以在学校里并不受重视。但是她心地善良，又有一群死党，日子过得倒也开心。某天，她遇见了帅气的学长阿亮（马里奥·毛瑞尔 Mario Maurer 饰），春心萌动，无 法遏制..."" ", 泰国,普特鹏·普罗萨卡·那·萨克那卡林,"'平采娜·乐维瑟派布恩', '马里奥·毛瑞尔', '苏达拉·布查蓬', '雅尼卡·桑普蕾舞', '诺特·阿查拉那·阿瑞亚卫考'",932628人评价,8.5,2010,https://movie.douban.com/subject/4739952/
tt0212720,人工智能,"21世纪中期，由于温室效应，南北极冰川融化，地球上很多城市被淹没。此时，人类科技已经高度发达，人工智能机器人就是人类发明出来用以应对恶劣自然环境的科技手段之一，而且，机器人制造技术已经高度发达，先进的..."" ", 美国 ,史蒂文·斯皮尔伯格,"'海利·乔·奥斯蒙', '弗兰西丝·奥康纳', '山姆·洛巴兹', '杰克·托马斯', '裘德·洛'",413515人评价,8.7,2001,https://movie.douban.com/subject/1302827/
tt4034228,海边的曼彻斯特,"李（卡西·阿弗莱克 Casey Affleck 饰）是一名颓废压抑的修理工，在得知哥哥乔伊（凯尔·钱德勒 Kyle Chandler 饰）去世的消息后，李回到了故乡——海边的曼彻斯特处理乔伊的后事。根..."" ", 美国,肯尼思·洛纳根,"'卡西·阿弗莱克', '卢卡斯·赫奇斯', '米歇尔·威廉姆斯', 'C·J·威尔逊', '凯尔·钱德勒'",473240人评价,8.6,2016,https://movie.douban.com/subject/25980443/
tt0042876,罗生门,"罗生门，日本京都的正南门。云游和尚、砍柴人和乞丐在城门底下避雨，三人闲聊，话题开始，故事的序幕拉开：一个武士和他妻子路过荒山，遭遇了不测。妻子被侮辱，而武士惨遭杀害。惨案如何酿成？凶手、妻子、借武士亡..."" ", 日本,黑泽明,"'三船敏郎', '京町子', '森雅之', '志村乔', '千秋实'",291129人评价,8.8,1950,https://movie.douban.com/subject/1291879/
tt0106559,青蛇,"南宋是一个人妖难分的时期，法海和尚（赵文卓 饰）到处收服妖精，也扰乱了在西湖底修炼的白青二蛇。青（张曼玉 饰）曾获白（王祖贤 饰）相救，二者便以姐妹相称。姐妹俩受惑佯装成人生活在民间，白更嫁于老实书生..."" ", 中国香港 ,徐克,"'张曼玉', '王祖贤', '赵文卓', '吴兴国', '马精武'",486843人评价,8.6,1993,https://movie.douban.com/subject/1303394/
tt0103064,终结者2：审判日,"上一部中，超级电脑“天网”阻止人类抵抗领袖约翰·康纳诞生的行动失败，时隔13年后，在“审判日”到来之前，“天网”派出了更加先进的生化机器人T-1000（罗伯特·帕特里克 饰）从公元2029年回到洛杉矶..."" ", 美国 ,詹姆斯·卡梅隆,"'阿诺·施瓦辛格', '琳达·汉密尔顿', '爱德华·福隆', '罗伯特·帕特里克', '阿尔·伯恩'",318478人评价,8.8,1991,https://movie.douban.com/subject/1291844/
tt1727824,波西米亚狂想曲,, 英国 ,布莱恩·辛格,"'拉米·马雷克', '本·哈迪', '约瑟夫·梅泽罗', '格威利姆·李', '艾伦·里奇'",557314人评价,8.6,2018,https://movie.douban.com/subject/5300054/
tt2948372,心灵奇旅,"究竟是什么塑造了真正的你？电影将聚焦乔伊·高纳（杰米·福克斯配音）。这位中学音乐老师获得了梦寐以求的机会——在纽约最好的爵士俱乐部演奏。但一个小失误把他从纽约的街道带到了一个奇幻的地方“生之来处”（t..."" ", 美国,彼特·道格特,"'杰米·福克斯', '蒂娜·菲', '菲利西亚·拉斯海德', '阿米尔-卡利布·汤普森', '戴维德·迪格斯'",888910人评价,8.7,2020,https://movie.douban.com/subject/24733428/
tt2543472,奇迹男孩,"奥吉（雅各布·特瑞布雷 Jacob Tremblay 饰）是一个10岁的男孩，除了头戴一个巨大的太空头盔外，他和其他的同年龄孩子别无二致。头盔下隐藏了奥吉因为各种手术而伤痕累累的脸庞，它不仅完美的隐藏..."" ", 美国 ,斯蒂芬·卓博斯基,"'雅各布·特伦布莱', '朱莉娅·罗伯茨', '伊扎贝拉·维多维奇', '欧文·威尔逊', '诺亚·尤佩'",522184人评价,8.6,2017,https://movie.douban.com/subject/26787574/
tt3843282,二十二,"在日本侵华战争的八年间，至少20万中国妇女被迫沦为日军的性奴隶，也就是我们经常提及的“慰安妇”。在影片2014年开拍之时，中国内地仅剩22位“慰安妇”幸存者。当光阴慢慢划过，时间抚平伤口，这些经历了常..."" ", 中国大陆,郭柯,"'韦绍兰', '罗善学'",277567人评价,8.7,2015,https://movie.douban.com/subject/26430107/
tt1392190,疯狂的麦克斯4：狂暴之路,"未来世界，水资源短缺引发了连绵的战争。人们相互厮杀，争夺有限的资源，地球变成了血腥十足的杀戮死战场。面容恐怖的不死乔在戈壁山谷建立了难以撼动的强大武装王国，他手下的战郎驾驶装备尖端武器的战车四下抢掠，..."" ", 澳大利亚 ,乔治·米勒,"'汤姆·哈迪', '查理兹·塞隆', '尼古拉斯·霍尔特', '休·基斯-拜恩', '乔什·赫尔曼'",489827人评价,8.6,2015,https://movie.douban.com/subject/3592854/
tt0105859,新龙门客栈,"宦官专权的明朝中叶，东厂曹少钦（甄子丹）假造圣旨杀害了忠良杨宇轩，并想斩草除根杀死其后代。侠女邱莫言（林青霞）、江湖义士贺虎等人冒死救出忠良后代后，逃至边关沙漠里的龙门客栈，与杨宇轩部下周淮安（梁家辉..."" ", 中国香港 ,李惠民,"'张曼玉', '林青霞', '梁家辉', '甄子丹', '熊欣欣'",411748人评价,8.7,1992,https://movie.douban.com/subject/1292287/
tt3170832,房间,"女孩乔伊（布丽·拉尔森 Brie Larson 饰）被一个叫“老尼克”的男人拐骗，之后被他囚禁在其房子后院的棚屋里长达七年之久。在此期间她遭到强奸，并生下儿子杰克（雅各布·特伦布莱 Jacob Tre..."" ", 爱尔兰 ,伦尼·阿伯拉罕森,"'布丽·拉尔森', '雅各布·特伦布莱', '肖恩·布里吉格斯', '温迪·古逊', '阿曼达·布鲁盖尔'",351401人评价,8.8,2015,https://movie.douban.com/subject/25724855/
tt0361748,无耻混蛋,"故事分五章进行。二战中德占法国，德军上校汉斯（克里斯托弗·瓦尔兹 Christoph Waltz 饰）号称“犹太猎人”，在一次屠犹行动中，少女苏珊娜（梅勒尼·劳伦特 Mélanie Laurent 饰..."" ", 德国 ,昆汀·塔伦蒂诺,"'布拉德·皮特', '梅拉尼·罗兰', '克里斯托弗·瓦尔兹', '伊莱·罗斯', '迈克尔·法斯宾德'",440866人评价,8.6,2009,https://movie.douban.com/subject/1438652/
tt0119177,千钧一发,"未来的世界，科技的力量胜过一切，基因决定命运，几乎成为金科玉律。不幸文森特（伊桑•霍克 Ethan Hawke  饰）是一个基因不良的人，出生以来就决定了他近视和心脏病的缺陷，他只能活到30岁。于是父..."" ", 美国,安德鲁·尼科尔,"'伊桑·霍克', '乌玛·瑟曼', '裘德·洛', '艾伦·阿金', '戈尔·维达尔'",267644人评价,8.8,1997,https://movie.douban.com/subject/1300117/
tt0450259,血钻,, 美国 ,爱德华·兹威克,"'莱昂纳多·迪卡普里奥', '杰曼·翰苏', '詹妮弗·康纳利', '阿诺德·沃斯洛', '大卫·哈雷伍德'",352738人评价,8.7,2006,https://movie.douban.com/subject/1428175/
tt2866360,彗星来的那一夜,"在一个静得有些诡异阴森的夜晚，年轻女子艾米丽（艾米丽·芭尔多尼 Emily Baldoni 饰）驱车来到朋友家参加聚会。此前她一边开车一边和男友打电话，然而通话突然中断，她的手机屏也莫名其妙出现裂痕。..."" ", 美国 ,詹姆斯·沃德·布柯特,"'艾米丽·芭尔多尼', '莫瑞·史特林', '尼古拉斯·布兰登', '劳伦·斯卡法莉娅', '伊丽莎白·格瑞斯'",522442人评价,8.5,2013,https://movie.douban.com/subject/25807345/
tt0234215,黑客帝国2：重装上阵,"上一部结尾，尼奥（基奴李维斯 饰）终于意识到自己的能力和使命，中弹复活后，变成了无所不能的“救世主”，他和女友崔妮蒂（凯莉·安·摩丝 饰），舰长墨菲斯（劳伦斯·菲什伯恩 饰）回到了人类的基地锡安，受到..."" ", 美国,拉娜·沃卓斯基,"'基努·里维斯', '劳伦斯·菲什伯恩', '凯瑞-安·莫斯', '雨果·维文', '莫妮卡·贝鲁奇'",379129人评价,8.7,2003,https://movie.douban.com/subject/1304141/
tt0033238,魂断蓝桥,"第一次世界大战期间，回国度假的陆军中尉罗伊（罗伯特·泰勒）在滑铁卢桥上邂逅了舞蹈演员玛拉（费雯·丽），两人彼此倾心，爱情迅速升温。就在两人决定结婚之时，罗伊应招回营地，两人被迫分离。由于错过剧团演出，..."" ", 美国,茂文·勒鲁瓦,"'费雯·丽', '罗伯特·泰勒', '露塞尔·沃特森', '弗吉尼亚·菲尔德', '玛丽亚·彭斯卡娅'",258582人评价,8.8,1940,https://movie.douban.com/subject/1293964/
tt1087578,步履不停,, 日本,是枝裕和,"'阿部宽', '夏川结衣', '江原由希子', '高桥和也', '田中祥平'",258375人评价,8.8,2008,https://movie.douban.com/subject/2222996/
tt0876563,崖上的波妞,"海神的女儿波妞从深海出逃玩耍，却被困在玻璃瓶里冲到岸上，碰巧被住在岸边悬崖的宗介救出，两人因此相识。但是波妞的父亲——魔法师藤本，认为人类世界肮脏丑陋，强行把波妞带回海里。面对父亲的阻挠、席卷小镇的海..."" ", 日本,宫崎骏,"'神月柚莉爱', '土井洋辉', '山口智子', '长岛一茂', '天海祐希'",448557人评价,8.6,2008,https://movie.douban.com/subject/1959877/
tt0399295,战争之王,"本来美国移民尤瑞（尼古拉斯•凯奇 Nicolas Cage 饰）的家族生意是开饭馆。但是一个偶然的机会令他踏入了军火生意的大门，从此开始了贩卖武器的“职业生涯”。尤瑞遇事机智，胆大心细，这不仅让他成功..."" ", 法国 ,安德鲁·尼科尔,"'尼古拉斯·凯奇', '布里吉特·莫伊纳汉', '杰瑞德·莱托', '伊安·霍姆', '伊桑·霍克'",339422人评价,8.7,2005,https://movie.douban.com/subject/1419936/
tt3783958,爱乐之城,"米娅（艾玛·斯通 Emma Stone 饰）渴望成为一名演员，但至今她仍旧只是片场咖啡厅里的一名平凡的咖啡师，尽管不停的参加着大大小小的试镜，但米娅收获的只有失败。某日，在一场派对之中，米娅邂逅了名为..."" ", 美国,达米恩·查泽雷,"'瑞恩·高斯林', '艾玛·斯通', '约翰·传奇', '罗丝玛丽·德薇特', '芬·维特洛克'",815203人评价,8.4,2016,https://movie.douban.com/subject/25934014/
tt0372183,谍影重重2,"经过上一集的腥风血雨之后，伯恩（马特·达蒙 饰）和女朋友玛丽（弗兰卡·泼坦特 饰）隐居在印度偏僻的海边小镇，想忘记以前的生活。一天，神秘组织的杀手来到小镇，打破了伯恩二人世界的宁静，女友玛丽在逃亡途中..."" ", 美国 ,保罗·格林格拉斯,"'马特·达蒙', '布莱恩·考克斯', '琼·艾伦', '卡尔·厄本', '弗朗卡·波滕特'",329029人评价,8.7,2004,https://movie.douban.com/subject/1308767/
tt0110322,燃情岁月,"辽阔的西部草原住着一位父亲和他的三个儿子——父亲是退了休的骑兵上校，三个儿子个性鲜明：大儿子艾尔弗莱德（艾丹•奎因 Aidan Quinn  饰）忠厚老实，二儿子特里斯坦（布拉德•皮特 Brad Pi..."" ", 美国,爱德华·兹威克,"'布拉德·皮特', '安东尼·霍普金斯', '艾丹·奎因', '朱莉娅·奥蒙德', '亨利·托马斯'",269356人评价,8.8,1994,https://movie.douban.com/subject/1295865/
tt0103074,末路狂花,, 美国 ,雷德利·斯科特,"'吉娜·戴维斯', '苏珊·萨兰登', '哈威·凯特尔', '迈克尔·马德森', '布拉德·皮特'",220585人评价,8.9,1991,https://movie.douban.com/subject/1291992/
tt3659388,火星救援,"载人航天宇宙飞船阿瑞斯3号成功抵达火星，谁知一场破坏力极其巨大的风暴向宇航员们袭来，阿瑞斯3号被迫中断任务，紧急返航。撤离途中，宇航员马克·沃特尼（马特·达蒙 Matt Damon 饰）被飞船上吹落的..."" ", 英国 ,雷德利·斯科特,"'马特·达蒙', '杰西卡·查斯坦', '克里斯汀·韦格', '杰夫·丹尼尔斯', '迈克尔·佩纳'",667060人评价,8.5,2015,https://movie.douban.com/subject/25864085/
tt0101258,阿飞正传,"1960年代的香港，因生母在阿飞旭仔（张国荣）长大成人过程中的缺失，他把自己优雅地比喻为“无根鸟”，对生命中遇到的每一个女人都表现得放荡不羁，售票员苏丽珍（张曼玉）和舞女咪咪（刘嘉玲）先后令他感受过温..."" ", 中国香港,王家卫,"'张国荣', '张曼玉', '刘嘉玲', '刘德华', '张学友'",472113人评价,8.5,1990,https://movie.douban.com/subject/1305690/
tt1980929,再次出发之纽约遇见你,"格雷塔（凯拉·奈特莉 Keira Knightley 饰）抛弃了一切跟随着男友戴夫（亚当·李维 Adam Levine 饰）来到美国纽约实现他们的音乐和爱情梦想，没想到曾经幻想过的美好一切化作泡影，在..."" ", 美国,约翰·卡尼,"'凯拉·奈特莉', '马克·鲁弗洛', '亚当·莱文', '詹姆斯·柯登', '海莉·斯坦菲尔德'",400708人评价,8.6,2013,https://movie.douban.com/subject/6874403/
tt0258463,谍影重重,, 美国 ,道格·里曼,"'马特·达蒙', '弗朗卡·波滕特', '克里斯·库珀', '克里夫·欧文', '朱丽娅·斯蒂尔斯'",396006人评价,8.6,2002,https://movie.douban.com/subject/1304102/
tt0291350,千年女优,"60岁的立花源也和28岁的摄影师井田恭二不远千里跋山涉水上门去拜访隐居了三十年的一代影星藤原千代子，为了给她拍摄一生自传的纪录片。款款前来的千代子虽然已界75岁高龄，但仍然优雅美丽，左眼下标志性的小痣..."" ", 日本,今敏,"'庄司美代子', '小山茉美', '折笠富美子', '饭塚昭三', '小野坂昌也'",236903人评价,8.8,2001,https://movie.douban.com/subject/1307394/
tt0765128,海洋,, 法国 ,雅克·贝汉,"'皮尔斯·布鲁斯南', '小佩德罗·阿门达里斯', '雅克·贝汉', '宫泽理惠', '马蒂亚斯·勃兰特'",151049人评价,9.1,2009,https://movie.douban.com/subject/3443389/
tt0976051,朗读者,"15岁的少年米夏·伯格（大卫·克劳斯 David Kross 饰）偶遇36岁的中年神秘女列车售票员汉娜（凯特·温丝莱特 Kate Winslet 饰），后来两个发展出一段秘密的情人关系。汉娜最喜欢躺在..."" ", 美国 ,史蒂芬·戴德利,"'凯特·温丝莱特', '大卫·克劳斯', '拉尔夫·费因斯', '詹妮特·海因', '苏珊娜·洛塔尔'",432361人评价,8.6,2008,https://movie.douban.com/subject/2213597/
tt0808506,穿越时空的少女,"17岁少女绀野真琴是一个活泼跳脱的少女。在一次普通值日工作中，真琴不小心摔倒了，自此她发现自己拥有了穿越时空的能力。她兴奋不已，掌握了穿越时空的方法后，她经常用这个方法去解决生活中许多令她困扰十分的事..."" ", 日本,细田守,"'仲里依纱', '石田卓也', '板仓光隆', '垣内彩未', '谷村美月'",359906人评价,8.6,2006,https://movie.douban.com/subject/1937946/
tt0396171,香水,"十八世纪，让-马普蒂斯特•格雷诺耶（本•韦肖 Ben Whishaw 饰）出生在巴黎最肮脏、最恶臭不堪的地方——鱼市场上。格雷诺耶天生对气味有着惊人的天赋：无论恶臭还芳香，他都一一记住，并能轻易分辨各..."" ", 德国 ,汤姆·提克威,"'本·卫肖', '艾伦·瑞克曼', '蕾切儿·哈伍德', '达斯汀·霍夫曼', '大卫·卡尔德'",514708人评价,8.5,2006,https://movie.douban.com/subject/1760622/
tt0986264,地球上的星星,"对于8岁的男孩伊夏（达席尔·萨法瑞 Darsheel Safary 饰）来说，世界是充满了惊奇和快乐的万花筒，他正在用一切他能够想到的方式和这个陌生的世界进行着交流，同时也充分的享受着大地万物慷慨的赠..."" ", 印度,阿米尔·汗,"'达席尔·萨法瑞', '阿米尔·汗', '塔奈·切赫达', '萨谢·英吉尼尔', '蒂丝卡·乔普拉'",192289人评价,8.9,2007,https://movie.douban.com/subject/2363506/
tt1862020,我爱你,"飘雪的坡道上，送牛奶的老头子金万皙（李顺载 饰）邂逅了收废品的老太太宋怡芬（尹秀晶 饰）。他们的前半生各自背负着艰辛的人生：万皙年轻时我行我素，直到妻子病逝才深觉愧疚；怡芬被心爱的男人抛弃在城市角落，..."" ", 韩国,秋昌旼,"'宋在浩', '李顺载', '尹秀晶', '金秀美', '宋智孝'",154852人评价,9.1,2011,https://movie.douban.com/subject/5908478/
tt4901306,完美陌生人,"三对处于各个婚姻阶段的伴侣和一个宅男，七人聚在一起吃晚餐。女主人提议下拍板决定当夜所有人分享每一个电话、每一条短信、邮件的内容,由此许多秘密开始不再是秘密，他们之间的关系也开始发生波动。无数疮痍在这场..."" ", 意大利,保罗·杰诺维塞,"'马可·贾利尼', '卡夏·斯穆特尼亚克', '爱德华多·莱奥', '阿尔芭·罗尔瓦赫尔', '瓦莱里奥·马斯坦德雷亚'",496165人评价,8.5,2016,https://movie.douban.com/subject/26614893/
tt11219254,花束般的恋爱,"山音麦 (菅田将晖 饰) 和八谷绢 (有村架纯 饰) 因错过尾班车而相遇，在深夜咖啡馆聊起文学、电影和音乐，喜好竟奇蹟地相似，二人瞬间坠入爱河。他们毕业后开始一边兼职工作，一边开始同居生活，更一起养拾..."" ", 日本,土井裕泰,"'菅田将晖', '有村架纯', '细田佳央太', '清原果耶', '小田切让'",484762人评价,8.6,2021,https://movie.douban.com/subject/34874432/
tt0878804,弱点,"黑人男孩奥赫（昆东•亚伦 Quinton Aaron 饰）自幼父母离异，无家可归。不过，木讷的他却因为极强的身体条件和运动天赋，幸运地进入了一家私立基督教高中。虽然，他科科零分，但是一些细节却让他显得..."" ", 美国,约翰·李·汉考克,"'桑德拉·布洛克', '蒂姆·麦格罗', '昆东·亚伦', '杰·海德', '莉莉·柯林斯'",270882人评价,8.7,2009,https://movie.douban.com/subject/3552028/
tt0926084,哈利·波特与死亡圣器(上),, 英国 ,大卫·叶茨,"'丹尼尔·雷德克里夫', '艾玛·沃森', '鲁伯特·格林特', '海伦娜·伯翰·卡特', '拉尔夫·费因斯'",509317人评价,8.5,2010,https://movie.douban.com/subject/2051007/
