ID,Date,Isolate,host_name,country
AY274119,27-MAY-2020,SARS coronavirus Tor2,"""Homo sapiens; patient #2 with severe acute","""Canada: Toronto"""
NC_004718,20-NOV-2020,SARS coronavirus Tor2,"""Homo sapiens; patient #2 with severe acute","""Canada: Toronto"""
JX163923,27-MAY-2020,SARS coronavirus Tor2,0,"""USA"""
JX163924,27-MAY-2020,SARS coronavirus Tor2,0,"""USA"""
JX163925,27-MAY-2020,SARS coronavirus Tor2,0,"""USA"""
JX163926,27-MAY-2020,SARS coronavirus Tor2,0,"""USA"""
JX163927,27-MAY-2020,SARS coronavirus Tor2,0,"""USA"""
JX163928,27-MAY-2020,SARS coronavirus Tor2,0,"""USA"""
AY278741,25-JUL-2016,SARS coronavirus Urbani,0,0
DJ066921,23-JAN-2008,SARS coronavirus Urbani,0,0
MK062179,21-NOV-2018,SARS coronavirus Urbani,"""Homo sapiens""","""USA"""
MK062180,21-NOV-2018,SARS coronavirus Urbani,"""Homo sapiens""","""USA"""
MK062181,21-NOV-2018,SARS coronavirus Urbani,"""Homo sapiens""","""USA"""
MK062182,21-NOV-2018,SARS coronavirus Urbani,"""Homo sapiens""","""USA"""
MK062183,21-NOV-2018,SARS coronavirus Urbani,"""Homo sapiens""","""USA"""
MK062184,21-NOV-2018,SARS coronavirus Urbani,"""Homo sapiens""","""USA"""
MT308984,05-APR-2021,SARS coronavirus Urbani,"""mouse""",0
AY278491,29-AUG-2003,SARS coronavirus HKU-39849,0,0
GU553363,08-FEB-2010,SARS coronavirus HKU-39849,"""Homo sapiens""","""China: Hong Kong"""
GU553364,08-FEB-2010,SARS coronavirus HKU-39849,"""Homo sapiens""","""China: Hong Kong"""
GU553365,08-FEB-2010,SARS coronavirus HKU-39849,"""Chlorocebus aethiops""","""USA"""
JQ316196,20-MAR-2012,SARS coronavirus HKU-39849,0,"""United Kingdom"""
JN854286,23-MAY-2012,SARS coronavirus HKU-39849,0,"""United Kingdom"""
AY278487,01-SEP-2009,SARS coronavirus BJ02,0,0
AY278488,01-SEP-2009,SARS coronavirus BJ01,0,0
AY278490,01-SEP-2009,SARS coronavirus BJ03,0,0
AY278554,31-JUL-2003,SARS coronavirus CUHK-W1,0,"""China: Hong Kong, Prince of Wales Hospital"""
AY279354,01-SEP-2009,SARS coronavirus BJ04,0,0
AY282752,17-NOV-2003,SARS coronavirus CUHK-Su10,0,0
AY291315,16-MAR-2004,SARS coronavirus Frankfurt 1,0,0
AB257344,19-APR-2006,SARS coronavirus Frankfurt 1,0,0
AY291451,25-FEB-2004,SARS coronavirus TW1,0,"""Taiwan"""
AY297028,19-MAY-2003,SARS coronavirus ZJ01,0,0
AY304486,05-NOV-2003,Civet SARS CoV SZ3/2003,0,"""Hong Kong"""
AY304488,05-NOV-2003,Civet SARS CoV SZ16/2003,0,"""Hong Kong"""
AY304495,05-NOV-2003,SARS coronavirus GZ50,0,"""Hong Kong"""
AY278489,15-APR-2021,SARS coronavirus GD01,0,0
AY321118,26-JUN-2003,SARS coronavirus TWC,0,0
AY323977,18-MAR-2004,SARS coronavirus HSR 1,0,"""Italy"""
AY283798,02-OCT-2003,SARS coronavirus Sin2774,0,"""Singapore"""
AY283797,12-AUG-2003,SARS coronavirus Sin2748,0,"""Singapore"""
AY283796,12-AUG-2003,SARS coronavirus Sin2679,0,"""Singapore"""
AY283795,12-AUG-2003,SARS coronavirus Sin2677,0,"""Singapore"""
AY283794,12-AUG-2003,SARS coronavirus Sin2500,0,"""Singapore"""
AY338174,25-JUL-2016,SARS coronavirus Taiwan TC1,0,0
AY338175,25-JUL-2016,SARS coronavirus Taiwan TC2,0,0
AY345986,29-NOV-2003,SARS coronavirus CUHK-AG01,0,0
AY345987,29-NOV-2003,SARS coronavirus CUHK-AG02,0,0
AY345988,29-NOV-2003,SARS coronavirus CUHK-AG03,0,0
AY348314,25-JUL-2016,SARS coronavirus Taiwan TC3,0,"""Taiwan"""
AY351680,03-AUG-2003,SARS coronavirus ZMY 1,0,0
AP006557,17-MAY-2006,SARS coronavirus TWH,0,0
AP006558,17-MAY-2006,SARS coronavirus TWJ,0,0
AP006559,17-MAY-2006,SARS coronavirus TWK,0,0
AP006560,17-MAY-2006,SARS coronavirus TWS,0,0
AP006561,17-MAY-2006,SARS coronavirus TWY,0,0
AY362698,13-AUG-2003,SARS coronavirus TWC2,0,0
AY362699,13-AUG-2003,SARS coronavirus TWC3,0,0
AY310120,12-DEC-2003,SARS coronavirus FRA,0,0
AY394850,10-MAY-2005,SARS coronavirus WHU,0,0
AY427439,21-OCT-2003,SARS coronavirus AS,0,0
AY394977,29-JAN-2004,SARS coronavirus GZ-A,0,0
AY394978,29-JAN-2004,SARS coronavirus GZ-B,0,0
AY394979,29-JAN-2004,SARS coronavirus GZ-C,0,0
AY394980,29-JAN-2004,SARS coronavirus GZ-D,0,0
AY394981,29-JAN-2004,SARS coronavirus HGZ8L1-A,0,0
AY394982,29-JAN-2004,SARS coronavirus HGZ8L1-B,0,0
AY394983,29-JAN-2004,SARS coronavirus HSZ2-A,0,0
AY394984,29-JAN-2004,SARS coronavirus HSZ-A,0,0
AY394985,29-JAN-2004,SARS coronavirus HSZ-Bb,0,0
AY394986,29-JAN-2004,SARS coronavirus HSZ-Cb,0,0
AY394987,29-JAN-2004,SARS coronavirus HZS2-Fb,0,0
AY394988,29-JAN-2004,SARS coronavirus JMD,0,0
AY394989,29-JAN-2004,SARS coronavirus HZS2-D,0,0
AY394990,29-JAN-2004,SARS coronavirus HZS2-E,0,0
AY394991,29-JAN-2004,SARS coronavirus HZS2-Fc,0,0
AY394992,29-JAN-2004,SARS coronavirus HZS2-C,0,0
AY394993,29-JAN-2004,SARS coronavirus HGZ8L2,0,0
AY394994,29-JAN-2004,SARS coronavirus HSZ-Bc,0,0
AY394995,29-JAN-2004,SARS coronavirus HSZ-Cc,0,0
AY394996,29-JAN-2004,SARS coronavirus ZS-B,0,0
AY394997,29-JAN-2004,SARS coronavirus ZS-A,0,0
AY394998,29-JAN-2004,SARS coronavirus LC1,0,0
AY394999,29-JAN-2004,SARS coronavirus LC2,0,0
AY395000,29-JAN-2004,SARS coronavirus LC3,0,0
AY395001,29-JAN-2004,SARS coronavirus LC4,0,0
AY395002,29-JAN-2004,SARS coronavirus LC5,0,0
AY395003,29-JAN-2004,SARS coronavirus ZS-C,0,0
AY395004,29-JAN-2004,SARS coronavirus HZS2-Bb,0,0
AY350750,17-NOV-2003,SARS coronavirus PUMC01,0,0
AY357075,17-NOV-2003,SARS coronavirus PUMC02,0,0
AY357076,17-NOV-2003,SARS coronavirus PUMC03,0,0
AY461660,23-NOV-2003,SARS coronavirus SoD,0,"""Russia"""
AY485278,18-NOV-2005,SARS coronavirus Sino3-11,0,0
AY485277,18-NOV-2005,SARS coronavirus Sino1-11,0,0
AY390556,31-JAN-2004,SARS coronavirus GZ02,0,"""China: Guangzhou"""
AY313906,28-FEB-2005,SARS coronavirus GD69,0,"""China: Jiangmen, Guangdong"""
AY463059,05-JAN-2004,SARS coronavirus ShanghaiQXC1,0,0
AY463060,05-JAN-2004,SARS coronavirus ShanghaiQXC2,0,0
AY502923,25-FEB-2004,SARS coronavirus TW10,0,"""Taiwan"""
AY502924,25-FEB-2004,SARS coronavirus TW11,0,"""Taiwan"""
AY502925,25-FEB-2004,SARS coronavirus TW2,0,"""Taiwan"""
AY502926,25-FEB-2004,SARS coronavirus TW3,0,"""Taiwan"""
AY502927,25-FEB-2004,SARS coronavirus TW4,0,"""Taiwan"""
AY502928,25-FEB-2004,SARS coronavirus TW5,0,"""Taiwan"""
AY502929,25-FEB-2004,SARS coronavirus TW6,0,"""Taiwan"""
AY502930,25-FEB-2004,SARS coronavirus TW7,0,"""Taiwan"""
AY502931,25-FEB-2004,SARS coronavirus TW8,0,"""Taiwan"""
AY502932,25-FEB-2004,SARS coronavirus TW9,0,"""Taiwan"""
AY515512,01-JAN-2005,SARS coronavirus HC/SZ/61/03,"""Paguma larvata (Himalayan palm civets)""","""China"""
AY508724,17-JAN-2004,SARS coronavirus NS-1,0,0
AH013709,25-AUG-2016,SARS coronavirus Sin_WNV,0,"""Singapore"""
AY559081,24-SEP-2004,SARS coronavirus Sin842,0,"""Singapore"""
AY559082,24-SEP-2004,SARS coronavirus Sin852,0,"""Singapore"""
AY559083,24-SEP-2004,SARS coronavirus Sin3408,0,"""Singapore"""
AY559084,24-SEP-2004,SARS coronavirus Sin3765V,0,"""Singapore"""
AY559085,24-SEP-2004,SARS coronavirus Sin848,0,"""Singapore"""
AY559086,24-SEP-2004,SARS coronavirus Sin849,0,"""Singapore"""
AY559087,24-SEP-2004,SARS coronavirus Sin3725V,0,"""Singapore"""
AY559088,24-SEP-2004,SARS coronavirus SinP1,0,"""Singapore"""
AY559089,24-SEP-2004,SARS coronavirus SinP2,0,"""Singapore"""
AY559090,24-SEP-2004,SARS coronavirus SinP3,0,"""Singapore"""
AY559091,24-SEP-2004,SARS coronavirus SinP4,0,"""Singapore"""
AY559092,24-SEP-2004,SARS coronavirus SinP5,0,"""Singapore"""
AY559093,24-SEP-2004,SARS coronavirus Sin845,0,"""Singapore"""
AY559094,24-SEP-2004,SARS coronavirus Sin846,0,"""Singapore"""
AY559095,24-SEP-2004,SARS coronavirus Sin847,0,"""Singapore"""
AY559096,24-SEP-2004,SARS coronavirus Sin850,0,"""Singapore"""
AY559097,24-SEP-2004,SARS coronavirus Sin3408L,0,"""Singapore"""
AY595412,07-DEC-2006,SARS coronavirus LLJ-2004,0,0
AY568539,28-FEB-2005,SARS coronavirus GZ0401,0,"""China: December 22, 2003"""
AY654624,07-MAR-2005,SARS coronavirus TJF,0,0
AY572034,01-DEC-2005,Civet SARS CoV 007/2004,"""civet""","""China: Southern China"""
AY572035,01-DEC-2005,SARS coronavirus civet010,"""civet""","""China: Southern China"""
AY572038,01-DEC-2005,SARS coronavirus civet020,"""civet""","""China: Southern China"""
AY714217,28-SEP-2004,SARS Coronavirus CDC#200301157,0,"""USA"""
AY613947,28-FEB-2005,SARS coronavirus GZ0402,0,"""China"""
AY613948,28-FEB-2005,SARS coronavirus PC4-13,"""palm civet""","""China"""
AY613949,28-FEB-2005,SARS coronavirus PC4-136,"""palm civet""","""China"""
AY613950,28-FEB-2005,SARS coronavirus PC4-227,"""palm civet""","""China"""
AY686864,08-JUL-2005,SARS coronavirus B039,"""palm civet""",0
AY686863,21-JUL-2006,SARS coronavirus A022,0,0
AY772062,25-MAR-2009,SARS coronavirus WH20,0,0
AY864805,08-JUN-2006,SARS coronavirus BJ162,0,"""China: Beijing"""
AY864806,14-SEP-2006,SARS coronavirus BJ202,0,0
DQ022305,25-OCT-2005,Bat SARS coronavirus HKU3-1,0,"""China"""
DQ084199,28-SEP-2005,Bat SARS coronavirus HKU3-2,0,0
DQ084200,28-SEP-2005,Bat SARS coronavirus HKU3-3,0,0
DQ182595,15-SEP-2005,SARS coronavirus ZJ0301,0,"""China: Hangzhou"""
DQ412043,13-JUL-2006,Bat SARS CoV Rm1/2004,"""Rhinolophus macrotis""",0
DQ412042,13-JUL-2006,Bat SARS CoV Rf1/2004,"""Rhinolophus ferrumequinum""",0
DQ071615,25-JAN-2006,Bat SARS CoV Rp3/2004,"""bat""","""China"""
EU371559,06-JAN-2009,SARS coronavirus ZJ02,0,0
DQ640652,12-JUN-2006,SARS coronavirus GDH-BJH01,"""Homo sapiens""","""China"""
DQ648856,19-JUL-2006,Bat CoV 273/2005,0,0
DQ648857,19-JUL-2006,Bat CoV 279/2005,0,0
MT782114,19-AUG-2020,Bat SARS coronavirus HKU3,0,"""USA"""
MT782115,19-AUG-2020,Bat SARS coronavirus HKU3,0,"""USA"""
EU371564,06-JAN-2009,SARS coronavirus BJ182-12,0,0
EU371562,06-JAN-2009,SARS coronavirus BJ182-4,0,0
EU371563,06-JAN-2009,SARS coronavirus BJ182-8,0,0
EU371560,06-JAN-2009,SARS coronavirus BJ182a,0,0
EU371561,06-JAN-2009,SARS coronavirus BJ182b,0,0
FJ882926,18-MAY-2010,SARS coronavirus ExoN1,0,"""USA: Tennessee"""
FJ882928,18-MAY-2010,SARS coronavirus ExoN1,0,"""USA: Tennessee"""
FJ882929,18-MAY-2010,SARS coronavirus ExoN1,0,"""USA: Tennessee"""
FJ882930,18-MAY-2010,SARS coronavirus ExoN1,0,"""USA: Tennessee"""
FJ882931,18-MAY-2010,SARS coronavirus ExoN1,0,"""USA: Tennessee"""
FJ882940,18-MAY-2010,SARS coronavirus ExoN1,0,"""USA: Tennessee"""
FJ882941,18-MAY-2010,SARS coronavirus ExoN1,0,"""USA: Tennessee"""
FJ882944,18-MAY-2010,SARS coronavirus ExoN1,0,"""USA: Tennessee"""
FJ882950,18-MAY-2010,SARS coronavirus ExoN1,0,"""USA: Tennessee"""
FJ882954,18-MAY-2010,SARS coronavirus ExoN1,0,"""USA: Tennessee"""
FJ882955,18-MAY-2010,SARS coronavirus ExoN1,0,"""USA: Tennessee"""
FJ882956,18-MAY-2010,SARS coronavirus ExoN1,0,"""USA: Tennessee"""
FJ882960,18-MAY-2010,SARS coronavirus ExoN1,0,"""USA: Tennessee"""
JF292922,26-SEP-2014,SARS coronavirus ExoN1,0,"""USA: Nashville, TN"""
JX162087,20-JUN-2012,SARS coronavirus ExoN1,0,"""USA: Tennessee"""
KF514389,26-SEP-2014,SARS coronavirus ExoN1,0,"""USA: Nashville, TN"""
KF514390,26-SEP-2014,SARS coronavirus ExoN1,0,"""USA: Nashville, TN"""
KF514391,26-SEP-2014,SARS coronavirus ExoN1,0,"""USA: Nashville, TN"""
KF514393,26-SEP-2014,SARS coronavirus ExoN1,0,"""USA: Nashville, TN"""
KF514395,26-SEP-2014,SARS coronavirus ExoN1,0,"""USA: Nashville, TN"""
KF514401,26-SEP-2014,SARS coronavirus ExoN1,0,"""USA: Nashville, TN"""
KF514402,26-SEP-2014,SARS coronavirus ExoN1,0,"""USA: Nashville, TN"""
KF514403,26-SEP-2014,SARS coronavirus ExoN1,0,"""USA: Nashville, TN"""
KF514405,26-SEP-2014,SARS coronavirus ExoN1,0,"""USA: Nashville, TN"""
KF514406,26-SEP-2014,SARS coronavirus ExoN1,0,"""USA: Nashville, TN"""
KF514407,26-SEP-2014,SARS coronavirus ExoN1,0,"""USA: Nashville, TN"""
KF514410,26-SEP-2014,SARS coronavirus ExoN1,0,"""USA: Nashville, TN"""
KF514411,26-SEP-2014,SARS coronavirus ExoN1,0,"""USA: Nashville, TN"""
KF514412,26-SEP-2014,SARS coronavirus ExoN1,0,"""USA: Nashville, TN"""
KF514414,26-SEP-2014,SARS coronavirus ExoN1,0,"""USA: Nashville, TN"""
KF514416,26-SEP-2014,SARS coronavirus ExoN1,0,"""USA: Nashville, TN"""
KF514417,26-SEP-2014,SARS coronavirus ExoN1,0,"""USA: Nashville, TN"""
KF514420,26-SEP-2014,SARS coronavirus ExoN1,0,"""USA: Nashville, TN"""
FJ882963,12-MAY-2009,SARS coronavirus P2,"""Homo sapiens""","""USA"""
FJ882945,13-DEC-2009,SARS coronavirus MA15,0,"""USA: Tennessee"""
FJ882948,13-DEC-2009,SARS coronavirus MA15,0,"""USA: Tennessee"""
FJ882952,13-DEC-2009,SARS coronavirus MA15,0,"""USA: Tennessee"""
FJ882957,13-DEC-2009,SARS coronavirus MA15,0,"""USA: Tennessee"""
FJ882958,13-DEC-2009,SARS coronavirus MA15,0,"""USA: Tennessee"""
FJ882961,13-DEC-2009,SARS coronavirus MA15,0,"""USA: Tennessee"""
HQ890541,26-SEP-2014,SARS coronavirus MA15,"""Mus musculus; young""","""USA: Nashville, TN"""
HQ890542,26-SEP-2014,SARS coronavirus MA15,"""Mus musculus; old""","""USA: Nashville, TN"""
HQ890543,26-SEP-2014,SARS coronavirus MA15,"""Mus musculus; old""","""USA: Nashville, TN"""
HQ890544,26-SEP-2014,SARS coronavirus MA15,"""Mus musculus; old""","""USA: Nashville, TN"""
HQ890545,26-SEP-2014,SARS coronavirus MA15,"""Mus musculus; old""","""USA: Nashville, TN"""
HQ890546,26-SEP-2014,SARS coronavirus MA15,"""Mus musculus; old""","""USA: Nashville, TN"""
JF292907,26-SEP-2014,SARS coronavirus MA15,"""Mus musculus; young""","""USA: Nashville, TN"""
JF292908,26-SEP-2014,SARS coronavirus MA15,"""Mus musculus; young""","""USA: Nashville, TN"""
JF292909,26-SEP-2014,SARS coronavirus MA15,"""Mus musculus; young""","""USA: Nashville, TN"""
JF292910,26-SEP-2014,SARS coronavirus MA15,"""Mus musculus; young""","""USA: Nashville, TN"""
JF292911,26-SEP-2014,SARS coronavirus MA15,"""Mus musculus; young""","""USA: Nashville, TN"""
JF292912,26-SEP-2014,SARS coronavirus MA15,"""Mus musculus; young""","""USA: Nashville, TN"""
JF292913,26-SEP-2014,SARS coronavirus MA15,"""Mus musculus; young""","""USA: Nashville, TN"""
JF292914,26-SEP-2014,SARS coronavirus MA15,"""Mus musculus; young""","""USA: Nashville, TN"""
JF292915,26-SEP-2014,SARS coronavirus MA15,"""Mus musculus; young""","""USA: Nashville, TN"""
JF292916,26-SEP-2014,SARS coronavirus MA15,"""Mus musculus; old""","""USA: Nashville, TN"""
JF292917,26-SEP-2014,SARS coronavirus MA15,"""Mus musculus; old""","""USA: Nashville, TN"""
JF292918,26-SEP-2014,SARS coronavirus MA15,"""Mus musculus; old""","""USA: Nashville, TN"""
JF292919,26-SEP-2014,SARS coronavirus MA15,"""Mus musculus; old""","""USA: Nashville, TN"""
JF292920,26-SEP-2014,SARS coronavirus MA15,"""Mus musculus; old""","""USA: Nashville, TN"""
FJ882942,13-DEC-2009,SARS coronavirus MA15 ExoN1,0,"""USA: Tennessee"""
FJ882943,13-DEC-2009,SARS coronavirus MA15 ExoN1,0,"""USA: North Carolina"""
FJ882951,13-DEC-2009,SARS coronavirus MA15 ExoN1,0,"""USA: Tennessee"""
FJ882953,13-DEC-2009,SARS coronavirus MA15 ExoN1,0,"""USA: Tennessee"""
FJ882959,13-DEC-2009,SARS coronavirus MA15 ExoN1,0,"""USA: Tennessee"""
FJ882962,13-DEC-2009,SARS coronavirus MA15 ExoN1,0,"""USA: Tennessee"""
HQ890526,26-SEP-2014,SARS coronavirus MA15 ExoN1,"""Mus musculus; young""","""USA: Nashville, TN"""
HQ890527,26-SEP-2014,SARS coronavirus MA15 ExoN1,"""Mus musculus; young""","""USA: Nashville, TN"""
HQ890528,26-SEP-2014,SARS coronavirus MA15 ExoN1,"""Mus musculus; young""","""USA: Nashville, TN"""
HQ890529,26-SEP-2014,SARS coronavirus MA15 ExoN1,"""Mus musculus; young""","""USA: Nashville, TN"""
HQ890530,26-SEP-2014,SARS coronavirus MA15 ExoN1,"""Mus musculus; young""","""USA: Nashville, TN"""
HQ890531,26-SEP-2014,SARS coronavirus MA15 ExoN1,"""Mus musculus; young""","""USA: Nashville, TN"""
HQ890532,26-SEP-2014,SARS coronavirus MA15 ExoN1,"""Mus musculus; young""","""USA: Nashville, TN"""
HQ890533,26-SEP-2014,SARS coronavirus MA15 ExoN1,"""Mus musculus; young""","""USA: Nashville, TN"""
HQ890534,26-SEP-2014,SARS coronavirus MA15 ExoN1,"""Mus musculus; old""","""USA: Nashville, TN"""
HQ890535,26-SEP-2014,SARS coronavirus MA15 ExoN1,"""Mus musculus; old""","""USA: Nashville, TN"""
HQ890536,26-SEP-2014,SARS coronavirus MA15 ExoN1,"""Mus musculus; old""","""USA: Nashville, TN"""
HQ890537,26-SEP-2014,SARS coronavirus MA15 ExoN1,"""Mus musculus; old""","""USA: Nashville, TN"""
HQ890538,26-SEP-2014,SARS coronavirus MA15 ExoN1,"""Mus musculus; old""","""USA: Nashville, TN"""
HQ890539,26-SEP-2014,SARS coronavirus MA15 ExoN1,"""Mus musculus; old""","""USA: Nashville, TN"""
HQ890540,26-SEP-2014,SARS coronavirus MA15 ExoN1,"""Mus musculus; old""","""USA: Nashville, TN"""
JF292902,26-SEP-2014,SARS coronavirus MA15 ExoN1,"""Mus musculus; young""","""USA: Nashville, TN"""
JF292903,26-SEP-2014,SARS coronavirus MA15 ExoN1,"""Mus musculus; young""","""USA: Nashville, TN"""
JF292904,26-SEP-2014,SARS coronavirus MA15 ExoN1,"""Mus musculus; old""","""USA: Nashville, TN"""
JF292905,26-SEP-2014,SARS coronavirus MA15 ExoN1,"""Mus musculus; old""","""USA: Nashville, TN"""
JF292906,26-SEP-2014,SARS coronavirus MA15 ExoN1,"""Mus musculus; old""","""USA: Nashville, TN"""
CQ903009,25-MAY-2020,Severe acute respiratory syndrome-related coronavirus,0,0
CQ918584,23-NOV-2004,Severe acute respiratory syndrome-related coronavirus,0,0
CQ918585,23-NOV-2004,Severe acute respiratory syndrome-related coronavirus,0,0
CQ918598,23-NOV-2004,Severe acute respiratory syndrome-related coronavirus,0,0
CS079026,06-MAY-2005,Severe acute respiratory syndrome-related coronavirus,0,0
CS079027,06-MAY-2005,Severe acute respiratory syndrome-related coronavirus,0,0
CS079028,06-MAY-2005,Severe acute respiratory syndrome-related coronavirus,0,0
CS079029,06-MAY-2005,Severe acute respiratory syndrome-related coronavirus,0,0
CS254197,17-JUL-2006,Severe acute respiratory syndrome-related coronavirus,0,0
DQ497008,20-MAR-2007,Severe acute respiratory syndrome-related coronavirus,0,0
DQ898174,07-MAY-2009,Severe acute respiratory syndrome-related coronavirus,0,"""Canada"""
CS569493,18-MAY-2007,Severe acute respiratory syndrome-related coronavirus,0,0
DJ045279,25-NOV-2009,Severe acute respiratory syndrome-related coronavirus,0,0
DJ059765,25-NOV-2009,Severe acute respiratory syndrome-related coronavirus,0,0
DL008527,25-NOV-2009,Severe acute respiratory syndrome-related coronavirus,0,0
DL476508,22-DEC-2008,Severe acute respiratory syndrome-related coronavirus,0,0
FJ959407,26-SEP-2009,Severe acute respiratory syndrome-related coronavirus,"""palm civet""","""China"""
FV537210,18-MAR-2010,Severe acute respiratory syndrome-related coronavirus,0,0
FV537211,18-MAR-2010,Severe acute respiratory syndrome-related coronavirus,0,0
FV537212,18-MAR-2010,Severe acute respiratory syndrome-related coronavirus,0,0
FV537213,18-MAR-2010,Severe acute respiratory syndrome-related coronavirus,0,0
HI553383,02-NOV-2010,Severe acute respiratory syndrome-related coronavirus,0,0
HW269828,16-OCT-2013,Severe acute respiratory syndrome-related coronavirus,0,0
HW375992,18-FEB-2014,Severe acute respiratory syndrome-related coronavirus,0,0
KY352407,05-FEB-2020,Severe acute respiratory syndrome-related coronavirus,"""Rhinolophus sp. (bat)""","""Kenya"""
KU973692,16-MAR-2020,Severe acute respiratory syndrome-related coronavirus,"""bat""","""China"""
LC556375,31-AUG-2021,Severe acute respiratory syndrome-related coronavirus,"""Rhinolophus cornutus""","""Japan"""
MW681002,15-MAR-2022,Severe acute respiratory syndrome-related coronavirus,"""Rhinolophus sinicus""","""China"""
HG994852,05-MAR-2021,Severe acute respiratory syndrome-related coronavirus,0,0
HG994853,05-MAR-2021,Severe acute respiratory syndrome-related coronavirus,0,0
HG994854,05-MAR-2021,Severe acute respiratory syndrome-related coronavirus,0,0
HG994855,05-MAR-2021,Severe acute respiratory syndrome-related coronavirus,0,0
HG994856,05-MAR-2021,Severe acute respiratory syndrome-related coronavirus,0,0
HG994857,05-MAR-2021,Severe acute respiratory syndrome-related coronavirus,0,0
HG994858,05-MAR-2021,Severe acute respiratory syndrome-related coronavirus,0,0
HG994859,05-MAR-2021,Severe acute respiratory syndrome-related coronavirus,0,0
HG994860,05-MAR-2021,Severe acute respiratory syndrome-related coronavirus,0,0
MQ250826,26-OCT-2021,Severe acute respiratory syndrome-related coronavirus,0,0
OL674074,05-DEC-2021,Severe acute respiratory syndrome-related coronavirus,"""Rhinolophus stheno""","""China: Yunnan, Puer"""
OL674075,05-DEC-2021,Severe acute respiratory syndrome-related coronavirus,"""Rhinolophus stheno""","""China: Yunnan, Puer"""
OL674076,05-DEC-2021,Severe acute respiratory syndrome-related coronavirus,"""Rhinolophus stheno""","""China: Yunnan, Puer"""
OL674077,05-DEC-2021,Severe acute respiratory syndrome-related coronavirus,"""Rhinolophus affinis""","""China: Yunnan, Puer"""
OL674078,05-DEC-2021,Severe acute respiratory syndrome-related coronavirus,"""Rhinolophus stheno""","""China: Yunnan, Puer"""
OL674079,05-DEC-2021,Severe acute respiratory syndrome-related coronavirus,"""Rhinolophus stheno""","""China: Yunnan, Puer"""
OL674080,05-DEC-2021,Severe acute respiratory syndrome-related coronavirus,"""Rhinolophus stheno""","""China: Yunnan, Puer"""
OL674081,05-DEC-2021,Severe acute respiratory syndrome-related coronavirus,"""Rhinolophus stheno""","""China: Yunnan, Puer"""
ON378802,23-MAY-2022,Severe acute respiratory syndrome-related coronavirus,"""Rhinolophus ferrumequinum""","""South Korea"""
FJ882927,18-MAY-2010,SARS coronavirus wtic-MB,0,"""USA: Tennessee"""
FJ882932,18-MAY-2010,SARS coronavirus wtic-MB,0,"""USA: Tennessee"""
FJ882933,18-MAY-2010,SARS coronavirus wtic-MB,0,"""USA: Tennessee"""
FJ882934,18-MAY-2010,SARS coronavirus wtic-MB,0,"""USA: Tennessee"""
FJ882935,18-MAY-2010,SARS coronavirus wtic-MB,0,"""USA: Tennessee"""
FJ882936,18-MAY-2010,SARS coronavirus wtic-MB,0,"""USA: Tennessee"""
FJ882937,18-MAY-2010,SARS coronavirus wtic-MB,0,"""USA: Tennessee"""
FJ882938,18-MAY-2010,SARS coronavirus wtic-MB,0,"""USA: Tennessee"""
FJ882939,18-MAY-2010,SARS coronavirus wtic-MB,0,"""USA: Tennessee"""
FJ882946,18-MAY-2010,SARS coronavirus wtic-MB,0,"""USA: Tennessee"""
FJ882947,18-MAY-2010,SARS coronavirus wtic-MB,0,"""USA: Tennessee"""
FJ882949,18-MAY-2010,SARS coronavirus wtic-MB,0,"""USA: Tennessee"""
JF292921,26-SEP-2014,SARS coronavirus wtic-MB,0,"""USA: Nashville, TN"""
KF514388,26-SEP-2014,SARS coronavirus wtic-MB,0,"""USA: Nashville, TN"""
KF514392,26-SEP-2014,SARS coronavirus wtic-MB,0,"""USA: Nashville, TN"""
KF514394,26-SEP-2014,SARS coronavirus wtic-MB,0,"""USA: Nashville, TN"""
KF514396,26-SEP-2014,SARS coronavirus wtic-MB,0,"""USA: Nashville, TN"""
KF514397,26-SEP-2014,SARS coronavirus wtic-MB,0,"""USA: Nashville, TN"""
KF514398,26-SEP-2014,SARS coronavirus wtic-MB,0,"""USA: Nashville, TN"""
KF514399,26-SEP-2014,SARS coronavirus wtic-MB,0,"""USA: Nashville, TN"""
KF514400,26-SEP-2014,SARS coronavirus wtic-MB,0,"""USA: Nashville, TN"""
KF514404,26-SEP-2014,SARS coronavirus wtic-MB,0,"""USA: Nashville, TN"""
KF514408,26-SEP-2014,SARS coronavirus wtic-MB,0,"""USA: Nashville, TN"""
KF514409,26-SEP-2014,SARS coronavirus wtic-MB,0,"""USA: Nashville, TN"""
KF514413,26-SEP-2014,SARS coronavirus wtic-MB,0,"""USA: Nashville, TN"""
KF514415,26-SEP-2014,SARS coronavirus wtic-MB,0,"""USA: Nashville, TN"""
KF514418,26-SEP-2014,SARS coronavirus wtic-MB,0,"""USA: Nashville, TN"""
KF514419,26-SEP-2014,SARS coronavirus wtic-MB,0,"""USA: Nashville, TN"""
KF514421,26-SEP-2014,SARS coronavirus wtic-MB,0,"""USA: Nashville, TN"""
KF514422,26-SEP-2014,SARS coronavirus wtic-MB,0,"""USA: Nashville, TN"""
KF514423,26-SEP-2014,SARS coronavirus wtic-MB,0,"""USA: Nashville, TN"""
FJ588686,18-MAR-2010,SARS coronavirus Rs_672/2006,"""Rhinolophus sinicus""","""China"""
GQ153545,05-APR-2010,Bat SARS coronavirus HKU3-10,0,0
GQ153546,05-APR-2010,Bat SARS coronavirus HKU3-11,0,0
GQ153547,05-APR-2010,Bat SARS coronavirus HKU3-12,0,0
GQ153548,05-APR-2010,Bat SARS coronavirus HKU3-13,0,0
GQ153539,05-APR-2010,Bat SARS coronavirus HKU3-4,0,0
GQ153540,05-APR-2010,Bat SARS coronavirus HKU3-5,0,0
GQ153541,05-APR-2010,Bat SARS coronavirus HKU3-6,0,0
GQ153542,05-APR-2010,Bat SARS coronavirus HKU3-7,0,0
GQ153543,05-APR-2010,Bat SARS coronavirus HKU3-8,0,0
GQ153544,05-APR-2010,Bat SARS coronavirus HKU3-9,0,0
GU190215,08-OCT-2010,Bat coronavirus BM48-31/BGR/2008,"""Rhinolophus blasii""","""Bulgaria"""
NC_014470,31-DEC-2021,Bat coronavirus BM48-31/BGR/2008,"""Rhinolophus blasii""","""Bulgaria"""
JX993987,07-JUL-2017,Bat coronavirus Rp/Shaanxi2011,"""Rhinolophus pusillus""","""China"""
JX993988,07-JUL-2017,Bat coronavirus Cp/Yunnan2011,"""Chaerephon plicata""","""China"""
KC881006,22-NOV-2013,Bat SARS-like coronavirus Rs3367,"""Rhinolophus sinicus""","""China"""
KC881005,22-NOV-2013,Bat SARS-like coronavirus RsSHC014,"""Rhinolophus sinicus""","""China"""
KF367457,06-NOV-2013,Bat SARS-like coronavirus WIV1,"""Rhinolophus sinicus""","""China"""
KF569996,29-MAY-2014,Rhinolophus affinis coronavirus,"""Rhinolophus affinis""","""China"""
KJ473812,07-JUL-2017,BtRf-BetaCoV/HeB2013,"""Rhinolophus ferrumequinum""","""China"""
KJ473811,07-JUL-2017,BtRf-BetaCoV/JL2012,"""Rhinolophus ferrumequinum""","""China"""
KJ473813,07-JUL-2017,BtRf-BetaCoV/SX2013,"""Rhinolophus ferrumequinum""","""China"""
KJ473815,07-JUL-2017,BtRs-BetaCoV/GX2013,"""Rhinolophus sinicus""","""China"""
KJ473814,07-JUL-2017,BtRs-BetaCoV/HuB2013,"""Rhinolophus sinicus""","""China"""
KJ473816,07-JUL-2017,BtRs-BetaCoV/YN2013,"""Rhinolophus sinicus""","""China"""
KF294457,16-MAR-2020,Bat SARS-like coronavirus,"""Rhinolophus monoceros""","""China"""
KY417142,18-DEC-2017,Bat SARS-like coronavirus,"""Aselliscus stoliczkanus""","""China"""
KY417143,18-DEC-2017,Bat SARS-like coronavirus,"""Rhinolophus sinicus""","""China"""
KY417144,18-DEC-2017,Bat SARS-like coronavirus,"""Rhinolophus sinicus""","""China"""
KY417145,18-DEC-2017,Bat SARS-like coronavirus,"""Rhinilophus ferrumequinum""","""China"""
KY417146,18-DEC-2017,Bat SARS-like coronavirus,"""Rhinolophus sinicus""","""China"""
KY417147,18-DEC-2017,Bat SARS-like coronavirus,"""Rhinolophus sinicus""","""China"""
KY417148,18-DEC-2017,Bat SARS-like coronavirus,"""Rhinolophus sinicus""","""China"""
KY417149,18-DEC-2017,Bat SARS-like coronavirus,"""Rhinolophus sinicus""","""China"""
KY417150,18-DEC-2017,Bat SARS-like coronavirus,"""Rhinolophus sinicus""","""China"""
KY417151,18-DEC-2017,Bat SARS-like coronavirus,"""Rhinolophus sinicus""","""China"""
KY417152,18-DEC-2017,Bat SARS-like coronavirus,"""Rhinolophus sinicus""","""China"""
MG772933,16-MAY-2022,Bat SARS-like coronavirus,"""Rhinolophus pusillus""","""China"""
MG772934,16-MAY-2022,Bat SARS-like coronavirus,"""Rhinolophus pusillus""","""China"""
KP886808,19-AUG-2015,Bat SARS-like coronavirus YNLF_31C,"""Rhinolophus Ferrumequinum""","""China"""
KP886809,19-AUG-2015,Bat SARS-like coronavirus YNLF_34C,"""Rhinolophus Ferrumequinum""","""China"""
KT444582,13-JAN-2016,SARS-like coronavirus WIV16,"""Rhinolophus sinicus""","""China"""
MK211374,30-JUN-2019,Coronavirus BtRl-BetaCoV/SC2018,"""Rhinolophus sp.""","""China"""
MK211375,30-JUN-2019,Coronavirus BtRs-BetaCoV/YN2018A,"""Rhinolophus affinis""","""China"""
MK211376,30-JUN-2019,Coronavirus BtRs-BetaCoV/YN2018B,"""Rhinolophus affinis""","""China"""
MK211377,30-JUN-2019,Coronavirus BtRs-BetaCoV/YN2018C,"""Rhinolophus affinis""","""China"""
MK211378,30-JUN-2019,Coronavirus BtRs-BetaCoV/YN2018D,"""Rhinolophus affinis""","""China"""
MT040333,23-APR-2020,Pangolin coronavirus,"""Manis javanica (Malayan pangolin)""","""China"""
MT040334,23-APR-2020,Pangolin coronavirus,"""Manis javanica (Malayan pangolin)""","""China"""
MT040335,23-APR-2020,Pangolin coronavirus,"""Manis javanica (Malayan pangolin)""","""China"""
MT040336,23-APR-2020,Pangolin coronavirus,"""Manis javanica (Malayan pangolin)""","""China"""
MT084071,21-JUN-2021,Pangolin coronavirus,"""Manis javanica""","""China"""
MT121216,21-JUN-2021,Pangolin coronavirus,"""Manis javanica""","""China"""
MT072864,23-APR-2020,Pangolin coronavirus,"""pangolin""","""China"""
MT072865,23-APR-2020,Pangolin coronavirus,"""pangolin""","""China"""
MW532698,01-FEB-2022,Pangolin coronavirus,"""pangolin""",0
MN996532,24-NOV-2020,Bat coronavirus RaTG13,"""Rhinolophus affinis""","""China"""
MW251308,01-JUN-2021,Bat coronavirus RacCS203,"""Rhinolophus acuminatus""","""Thailand"""
MW251309,01-JUN-2021,Bat coronavirus RacCS224,"""Rhinolophus acuminatus""","""Thailand"""
MW251310,01-JUN-2021,Bat coronavirus RacCS253,"""Rhinolophus acuminatus""","""Thailand"""
MW251311,01-JUN-2021,Bat coronavirus RacCS264,"""Rhinolophus acuminatus""","""Thailand"""
MW251312,01-JUN-2021,Bat coronavirus RacCS271,"""Rhinolophus acuminatus""","""Thailand"""
MW719567,04-AUG-2021,Sarbecovirus RhGB01,"""Rhinolophus hipposideros""","""United Kingdom"""
KU182964,15-SEP-2021,Sarbecovirus sp.,"""Rhinolophus ferrumequinum""","""China"""
KY770858,15-SEP-2021,Sarbecovirus sp.,"""Rhinolophus sinicus""","""China"""
KY770859,15-SEP-2021,Sarbecovirus sp.,"""Rhinolophus sinicus""","""China"""
KY770860,15-SEP-2021,Sarbecovirus sp.,"""Rhinolophus ferrumequinum""","""China"""
KY938558,15-SEP-2021,Sarbecovirus sp.,"""Rhinolophus ferrumequinum (horseshoe bat)""","""South Korea: abandoned mine"""
MW703458,15-SEP-2021,Sarbecovirus sp.,"""Rhinolophus blythi""","""China"""
MT726043,08-JUL-2022,Sarbecovirus sp.,"""Rhinolophus sp. (bat)""","""Uganda"""
MT726045,08-JUL-2022,Sarbecovirus sp.,"""Rhinolophus sp. (bat)""","""Rwanda"""
OK017792,22-SEP-2021,Sarbecovirus sp.,"""Rhinolophus affinis""","""China: Guangdong"""
OK017793,22-SEP-2021,Sarbecovirus sp.,"""Rhinolophus affinis""","""China: Yunnan"""
OK017794,22-SEP-2021,Sarbecovirus sp.,"""Rhinolophus ferrumequinum""","""China: Liaoning"""
OK017795,22-SEP-2021,Sarbecovirus sp.,"""Rhinolophus ferrumequinum""","""China: Liaoning"""
OK017796,22-SEP-2021,Sarbecovirus sp.,"""Rhinolophus ferrumequinum""","""China: Liaoning"""
OK017797,22-SEP-2021,Sarbecovirus sp.,"""Rhinolophus ferrumequinum""","""China: Liaoning"""
OK017798,22-SEP-2021,Sarbecovirus sp.,"""Rhinolophus ferrumequinum""","""China: Liaoning"""
OK017799,22-SEP-2021,Sarbecovirus sp.,"""Rhinolophus ferrumequinum""","""China: Liaoning"""
OK017800,22-SEP-2021,Sarbecovirus sp.,"""Rhinolophus ferrumequinum""","""China: Liaoning"""
OK017801,22-SEP-2021,Sarbecovirus sp.,"""Rhinolophus sp.""","""China: Hubei"""
OK017802,22-SEP-2021,Sarbecovirus sp.,"""Rhinolophus sp.""","""China: Hubei"""
OK017803,22-SEP-2021,Sarbecovirus sp.,"""Rhinolophus pusillus""","""China: Hunan"""
OK017804,22-SEP-2021,Sarbecovirus sp.,"""Rhinolophus pusillus""","""China: Hunan"""
OK017805,22-SEP-2021,Sarbecovirus sp.,"""Rhinolophus pusillus""","""China: Hunan"""
OK017806,22-SEP-2021,Sarbecovirus sp.,"""Rhinolophus pusillus""","""China: Yunnan"""
OK017807,22-SEP-2021,Sarbecovirus sp.,"""Rhinolophus sinicus""","""China: Anhui"""
OK017808,22-SEP-2021,Sarbecovirus sp.,"""Rhinolophus sinicus""","""China: Fujian"""
OK017809,22-SEP-2021,Sarbecovirus sp.,"""Rhinolophus sinicus""","""China: Fujian"""
OK017810,22-SEP-2021,Sarbecovirus sp.,"""Rhinolophus sinicus""","""China: Fujian"""
OK017811,22-SEP-2021,Sarbecovirus sp.,"""Rhinolophus sinicus""","""China: Fujian"""
OK017812,22-SEP-2021,Sarbecovirus sp.,"""Rhinolophus sinicus""","""China: Guangdong"""
OK017813,22-SEP-2021,Sarbecovirus sp.,"""Rhinolophus sinicus""","""China: Guangdong"""
OK017814,22-SEP-2021,Sarbecovirus sp.,"""Rhinolophus sinicus""","""China: Guangdong"""
OK017815,22-SEP-2021,Sarbecovirus sp.,"""Rhinolophus sinicus""","""China: Guangdong"""
OK017816,22-SEP-2021,Sarbecovirus sp.,"""Rhinolophus sinicus""","""China: Guangdong"""
OK017817,22-SEP-2021,Sarbecovirus sp.,"""Rhinolophus sinicus""","""China: Guangdong"""
OK017818,22-SEP-2021,Sarbecovirus sp.,"""Rhinolophus sinicus""","""China: Guangdong"""
OK017819,22-SEP-2021,Sarbecovirus sp.,"""Rhinolophus sinicus""","""China: Guangdong"""
OK017820,22-SEP-2021,Sarbecovirus sp.,"""Rhinolophus sinicus""","""China: Guangdong"""
OK017821,22-SEP-2021,Sarbecovirus sp.,"""Rhinolophus sinicus""","""China: Guangdong"""
OK017822,22-SEP-2021,Sarbecovirus sp.,"""Rhinolophus sinicus""","""China: Guangdong"""
OK017823,22-SEP-2021,Sarbecovirus sp.,"""Rhinolophus sinicus""","""China: Guangdong"""
OK017824,22-SEP-2021,Sarbecovirus sp.,"""Rhinolophus sinicus""","""China: Guangdong"""
OK017825,22-SEP-2021,Sarbecovirus sp.,"""Rhinolophus sinicus""","""China: Guangdong"""
OK017826,22-SEP-2021,Sarbecovirus sp.,"""Rhinolophus sinicus""","""China: Guangdong"""
OK017827,22-SEP-2021,Sarbecovirus sp.,"""Rhinolophus sinicus""","""China: Guangdong"""
OK017828,22-SEP-2021,Sarbecovirus sp.,"""Rhinolophus sinicus""","""China: Guangdong"""
OK017829,22-SEP-2021,Sarbecovirus sp.,"""Rhinolophus sinicus""","""China: Guizhou"""
OK017830,22-SEP-2021,Sarbecovirus sp.,"""Rhinolophus sinicus""","""China: Guizhou"""
OK017831,22-SEP-2021,Sarbecovirus sp.,"""Rhinolophus sinicus""","""China: Guizhou"""
OK017832,22-SEP-2021,Sarbecovirus sp.,"""Rhinolophus sinicus""","""China: Hunan"""
OK017833,22-SEP-2021,Sarbecovirus sp.,"""Rhinolophus sinicus""","""China: Hunan"""
OK017834,22-SEP-2021,Sarbecovirus sp.,"""Rhinolophus sinicus""","""China: Hunan"""
OK017835,22-SEP-2021,Sarbecovirus sp.,"""Rhinolophus sinicus""","""China: Hunan"""
OK017836,22-SEP-2021,Sarbecovirus sp.,"""Rhinolophus sinicus""","""China: Jiangxi"""
OK017837,22-SEP-2021,Sarbecovirus sp.,"""Rhinolophus sinicus""","""China: Jiangxi"""
OK017838,22-SEP-2021,Sarbecovirus sp.,"""Rhinolophus sinicus""","""China: Jiangxi"""
OK017839,22-SEP-2021,Sarbecovirus sp.,"""Rhinolophus sinicus""","""China: Jiangxi"""
OK017840,22-SEP-2021,Sarbecovirus sp.,"""Rhinolophus sinicus""","""China: Jiangxi"""
OK017841,22-SEP-2021,Sarbecovirus sp.,"""Rhinolophus sinicus""","""China: Jiangxi"""
OK017842,22-SEP-2021,Sarbecovirus sp.,"""Rhinolophus sinicus""","""China: Jiangxi"""
OK017843,22-SEP-2021,Sarbecovirus sp.,"""Rhinolophus sinicus""","""China: Jiangxi"""
OK017844,22-SEP-2021,Sarbecovirus sp.,"""Rhinolophus sinicus""","""China: Jiangxi"""
OK017845,22-SEP-2021,Sarbecovirus sp.,"""Rhinolophus sinicus""","""China: Jiangxi"""
OK017846,22-SEP-2021,Sarbecovirus sp.,"""Rhinolophus sinicus""","""China: Sichuan"""
OK017847,22-SEP-2021,Sarbecovirus sp.,"""Rhinolophus sinicus""","""China: Yunnan"""
OK017848,22-SEP-2021,Sarbecovirus sp.,"""Rhinolophus sinicus""","""China: Yunnan"""
OK017849,22-SEP-2021,Sarbecovirus sp.,"""Rhinolophus sinicus""","""China: Yunnan"""
OK017850,22-SEP-2021,Sarbecovirus sp.,"""Rhinolophus sinicus""","""China: Yunnan"""
OK017851,22-SEP-2021,Sarbecovirus sp.,"""Rhinolophus sinicus""","""China: Yunnan"""
OK017852,22-SEP-2021,Sarbecovirus sp.,"""Rhinolophus sinicus""","""China: Yunnan"""
OK017853,22-SEP-2021,Sarbecovirus sp.,"""Rhinolophus sinicus""","""China: Yunnan"""
OK017854,22-SEP-2021,Sarbecovirus sp.,"""Rhinolophus sinicus""","""China: Yunnan"""
OK017855,22-SEP-2021,Sarbecovirus sp.,"""Rhinolophus sinicus""","""China: Yunnan"""
OK017856,22-SEP-2021,Sarbecovirus sp.,"""Rhinolophus sinicus""","""China: Yunnan"""
OK017857,22-SEP-2021,Sarbecovirus sp.,"""Rhinolophus sinicus""","""China: Yunnan"""
OK017858,22-SEP-2021,Sarbecovirus sp.,"""Rhinolophus sinicus""","""China: Yunnan"""
OK017859,22-SEP-2021,Sarbecovirus sp.,"""Rhinolophus siamensis""","""China: Guangxi"""
OK017860,22-SEP-2021,Sarbecovirus sp.,"""Rhinolophus siamensis""","""China: Jiangxi"""
MZ190137,28-MAY-2021,Bat SARS-like coronavirus Khosta-1,"""Rhinolophus ferrumequinum (bat)""","""Russia: Sochi"""
MZ190138,28-MAY-2021,Bat SARS-like coronavirus Khosta-2,"""Rhinolophus hipposideros (bat)""","""Russia: Sochi"""
MZ081376,30-AUG-2021,Betacoronavirus sp. RmYN05,"""Rhinolophus malayanus""","""China"""
MZ081377,30-AUG-2021,Betacoronavirus sp. RmYN07,"""Rhinolophus malayanus""","""China"""
MZ081378,30-AUG-2021,Betacoronavirus sp. RmYN08,"""Rhinolophus malayanus""","""China"""
MZ081379,30-AUG-2021,Betacoronavirus sp. RsYN03,"""Rhinolophus sinicus""","""China"""
MZ081380,30-AUG-2021,Betacoronavirus sp. RsYN04,"""Rhinolophus stheno""","""China"""
MZ081381,09-SEP-2021,Betacoronavirus sp. RpYN06,"""Rhinolophus pusillus""","""China"""
MZ081382,30-AUG-2021,Betacoronavirus sp. RsYN09,"""Rhinolophus stheno""","""China"""
AY545914,01-MAR-2005,Severe acute respiratory syndrome coronavirus,0,"""China: Shenzhen"""
AY545915,01-MAR-2005,Severe acute respiratory syndrome coronavirus,0,"""China"""
AY545916,01-MAR-2005,Severe acute respiratory syndrome coronavirus,0,"""China"""
AY545917,01-MAR-2005,Severe acute respiratory syndrome coronavirus,0,"""China"""
AY545918,01-MAR-2005,Severe acute respiratory syndrome coronavirus,0,"""China"""
AY545919,01-MAR-2005,Severe acute respiratory syndrome coronavirus,0,"""China"""
