EntityID,SN,FASTQ1,FASTQ2,MASK,ImageTar,ImagePreDir,IPR,SplitNum,Tissue,CIDStart,CIDLength,MIDStart,MIDLength,rRNARemove,LargeChip,Reference,CellSpecies,CellSample
Y00785N9-1,Y00785N9,/jdfsms2/CNGB_DATA/BGISEQ01/DIPSEQ/DIPSEQT1/P24Z31300N0041_Temp/Y00785N9-1/250227_63_DP8480013523BR_L01_SP2502160007~SP2502160008~SP2502160009/DP8480013523BR_L01_1_1.fq.gz,/jdfsms2/CNGB_DATA/BGISEQ01/DIPSEQ/DIPSEQT1/P24Z31300N0041_Temp/Y00785N9-1/250227_63_DP8480013523BR_L01_SP2502160007~SP2502160008~SP2502160009/DP8480013523BR_L01_1_2.fq.gz,/Files/RawData/Y00785N9.barcodeToPos.h5,,,,16,cell,0,25,25,10,FALSE,FALSE,human,human,pbmc
Y00785N9-1,Y00785N9,/jdfsms2/CNGB_DATA/BGISEQ01/DIPSEQ/DIPSEQT1/P24Z31300N0041_Temp/Y00785N9-1/250227_63_DP8480013523BR_L01_SP2502160007~SP2502160008~SP2502160009/DP8480013523BR_L01_2_1.fq.gz,/jdfsms2/CNGB_DATA/BGISEQ01/DIPSEQ/DIPSEQT1/P24Z31300N0041_Temp/Y00785N9-1/250227_63_DP8480013523BR_L01_SP2502160007~SP2502160008~SP2502160009/DP8480013523BR_L01_2_2.fq.gz,/Files/RawData/Y00785N9.barcodeToPos.h5,,,,16,cell,0,25,25,10,FALSE,FALSE,human,human,pbmc
Y00785N9-1,Y00785N9,/jdfsms2/CNGB_DATA/BGISEQ01/DIPSEQ/DIPSEQT1/P24Z31300N0041_Temp/Y00785N9-1/250227_63_DP8480013523BR_L01_SP2502160007~SP2502160008~SP2502160009/DP8480013523BR_L01_3_1.fq.gz,/jdfsms2/CNGB_DATA/BGISEQ01/DIPSEQ/DIPSEQT1/P24Z31300N0041_Temp/Y00785N9-1/250227_63_DP8480013523BR_L01_SP2502160007~SP2502160008~SP2502160009/DP8480013523BR_L01_3_2.fq.gz,/Files/RawData/Y00785N9.barcodeToPos.h5,,,,16,cell,0,25,25,10,FALSE,FALSE,human,human,pbmc
Y00785N9-1,Y00785N9,/jdfsms2/CNGB_DATA/BGISEQ01/DIPSEQ/DIPSEQT1/P24Z31300N0041_Temp/Y00785N9-1/250227_63_DP8480013523BR_L01_SP2502160007~SP2502160008~SP2502160009/DP8480013523BR_L01_4_1.fq.gz,/jdfsms2/CNGB_DATA/BGISEQ01/DIPSEQ/DIPSEQT1/P24Z31300N0041_Temp/Y00785N9-1/250227_63_DP8480013523BR_L01_SP2502160007~SP2502160008~SP2502160009/DP8480013523BR_L01_4_2.fq.gz,/Files/RawData/Y00785N9.barcodeToPos.h5,,,,16,cell,0,25,25,10,FALSE,FALSE,human,human,pbmc
Y00785N9-2,Y00785N9,/jdfsms2/CNGB_DATA/BGISEQ01/DIPSEQ/DIPSEQT1/P24Z31300N0041_Temp/Y00785N9-2/250227_61_DP8480013522BR_L01_SP2502160010~SP2502160011~SP2502160012/DP8480013522BR_L01_5_1.fq.gz,/jdfsms2/CNGB_DATA/BGISEQ01/DIPSEQ/DIPSEQT1/P24Z31300N0041_Temp/Y00785N9-2/250227_61_DP8480013522BR_L01_SP2502160010~SP2502160011~SP2502160012/DP8480013522BR_L01_5_2.fq.gz,/Files/RawData/Y00785N9.barcodeToPos.h5,,,,16,cell,0,25,25,10,FALSE,FALSE,human,human,pbmc
Y00785N9-2,Y00785N9,/jdfsms2/CNGB_DATA/BGISEQ01/DIPSEQ/DIPSEQT1/P24Z31300N0041_Temp/Y00785N9-2/250227_61_DP8480013522BR_L01_SP2502160010~SP2502160011~SP2502160012/DP8480013522BR_L01_6_1.fq.gz,/jdfsms2/CNGB_DATA/BGISEQ01/DIPSEQ/DIPSEQT1/P24Z31300N0041_Temp/Y00785N9-2/250227_61_DP8480013522BR_L01_SP2502160010~SP2502160011~SP2502160012/DP8480013522BR_L01_6_2.fq.gz,/Files/RawData/Y00785N9.barcodeToPos.h5,,,,16,cell,0,25,25,10,FALSE,FALSE,human,human,pbmc
Y00785N9-2,Y00785N9,/jdfsms2/CNGB_DATA/BGISEQ01/DIPSEQ/DIPSEQT1/P24Z31300N0041_Temp/Y00785N9-2/250227_61_DP8480013522BR_L01_SP2502160010~SP2502160011~SP2502160012/DP8480013522BR_L01_7_1.fq.gz,/jdfsms2/CNGB_DATA/BGISEQ01/DIPSEQ/DIPSEQT1/P24Z31300N0041_Temp/Y00785N9-2/250227_61_DP8480013522BR_L01_SP2502160010~SP2502160011~SP2502160012/DP8480013522BR_L01_7_2.fq.gz,/Files/RawData/Y00785N9.barcodeToPos.h5,,,,16,cell,0,25,25,10,FALSE,FALSE,human,human,pbmc
Y00785N9-2,Y00785N9,/jdfsms2/CNGB_DATA/BGISEQ01/DIPSEQ/DIPSEQT1/P24Z31300N0041_Temp/Y00785N9-2/250227_61_DP8480013522BR_L01_SP2502160010~SP2502160011~SP2502160012/DP8480013522BR_L01_8_1.fq.gz,/jdfsms2/CNGB_DATA/BGISEQ01/DIPSEQ/DIPSEQT1/P24Z31300N0041_Temp/Y00785N9-2/250227_61_DP8480013522BR_L01_SP2502160010~SP2502160011~SP2502160012/DP8480013522BR_L01_8_2.fq.gz,/Files/RawData/Y00785N9.barcodeToPos.h5,,,,16,cell,0,25,25,10,FALSE,FALSE,human,human,pbmc
Y00785NC-1,Y00785NC,/jdfsms2/CNGB_DATA/BGISEQ01/DIPSEQ/DIPSEQT1/P24Z31300N0041_Temp/Y00785NC-1/250227_62_DP8480013502BR_L01_SP2502160013~SP2502160014~SP2502160015/DP8480013502BR_L01_9_1.fq.gz,/jdfsms2/CNGB_DATA/BGISEQ01/DIPSEQ/DIPSEQT1/P24Z31300N0041_Temp/Y00785NC-1/250227_62_DP8480013502BR_L01_SP2502160013~SP2502160014~SP2502160015/DP8480013502BR_L01_9_2.fq.gz,/Files/RawData/Y00785NC.barcodeToPos.h5,,,,16,cell,0,25,25,10,FALSE,FALSE,human,human,pbmc
Y00785NC-1,Y00785NC,/jdfsms2/CNGB_DATA/BGISEQ01/DIPSEQ/DIPSEQT1/P24Z31300N0041_Temp/Y00785NC-1/250227_62_DP8480013502BR_L01_SP2502160013~SP2502160014~SP2502160015/DP8480013502BR_L01_10_1.fq.gz,/jdfsms2/CNGB_DATA/BGISEQ01/DIPSEQ/DIPSEQT1/P24Z31300N0041_Temp/Y00785NC-1/250227_62_DP8480013502BR_L01_SP2502160013~SP2502160014~SP2502160015/DP8480013502BR_L01_10_2.fq.gz,/Files/RawData/Y00785NC.barcodeToPos.h5,,,,16,cell,0,25,25,10,FALSE,FALSE,human,human,pbmc
Y00785NC-1,Y00785NC,/jdfsms2/CNGB_DATA/BGISEQ01/DIPSEQ/DIPSEQT1/P24Z31300N0041_Temp/Y00785NC-1/250227_62_DP8480013502BR_L01_SP2502160013~SP2502160014~SP2502160015/DP8480013502BR_L01_11_1.fq.gz,/jdfsms2/CNGB_DATA/BGISEQ01/DIPSEQ/DIPSEQT1/P24Z31300N0041_Temp/Y00785NC-1/250227_62_DP8480013502BR_L01_SP2502160013~SP2502160014~SP2502160015/DP8480013502BR_L01_11_2.fq.gz,/Files/RawData/Y00785NC.barcodeToPos.h5,,,,16,cell,0,25,25,10,FALSE,FALSE,human,human,pbmc
Y00785NC-1,Y00785NC,/jdfsms2/CNGB_DATA/BGISEQ01/DIPSEQ/DIPSEQT1/P24Z31300N0041_Temp/Y00785NC-1/250227_62_DP8480013502BR_L01_SP2502160013~SP2502160014~SP2502160015/DP8480013502BR_L01_12_1.fq.gz,/jdfsms2/CNGB_DATA/BGISEQ01/DIPSEQ/DIPSEQT1/P24Z31300N0041_Temp/Y00785NC-1/250227_62_DP8480013502BR_L01_SP2502160013~SP2502160014~SP2502160015/DP8480013502BR_L01_12_2.fq.gz,/Files/RawData/Y00785NC.barcodeToPos.h5,,,,16,cell,0,25,25,10,FALSE,FALSE,human,human,pbmc
Y00785NC-2,Y00785NC,/jdfsms2/CNGB_DATA/BGISEQ01/DIPSEQ/DIPSEQT1/P24Z31300N0041_Temp/Y00785NC-2/250227_65_DP8480014360TR_L01_SP2502160016~SP2502160017~SP2502160018/DP8480014360TR_L01_13_1.fq.gz,/jdfsms2/CNGB_DATA/BGISEQ01/DIPSEQ/DIPSEQT1/P24Z31300N0041_Temp/Y00785NC-2/250227_65_DP8480014360TR_L01_SP2502160016~SP2502160017~SP2502160018/DP8480014360TR_L01_13_2.fq.gz,/Files/RawData/Y00785NC.barcodeToPos.h5,,,,16,cell,0,25,25,10,FALSE,FALSE,human,human,pbmc
Y00785NC-2,Y00785NC,/jdfsms2/CNGB_DATA/BGISEQ01/DIPSEQ/DIPSEQT1/P24Z31300N0041_Temp/Y00785NC-2/250227_65_DP8480014360TR_L01_SP2502160016~SP2502160017~SP2502160018/DP8480014360TR_L01_14_1.fq.gz,/jdfsms2/CNGB_DATA/BGISEQ01/DIPSEQ/DIPSEQT1/P24Z31300N0041_Temp/Y00785NC-2/250227_65_DP8480014360TR_L01_SP2502160016~SP2502160017~SP2502160018/DP8480014360TR_L01_14_2.fq.gz,/Files/RawData/Y00785NC.barcodeToPos.h5,,,,16,cell,0,25,25,10,FALSE,FALSE,human,human,pbmc
Y00785NC-2,Y00785NC,/jdfsms2/CNGB_DATA/BGISEQ01/DIPSEQ/DIPSEQT1/P24Z31300N0041_Temp/Y00785NC-2/250227_65_DP8480014360TR_L01_SP2502160016~SP2502160017~SP2502160018/DP8480014360TR_L01_15_1.fq.gz,/jdfsms2/CNGB_DATA/BGISEQ01/DIPSEQ/DIPSEQT1/P24Z31300N0041_Temp/Y00785NC-2/250227_65_DP8480014360TR_L01_SP2502160016~SP2502160017~SP2502160018/DP8480014360TR_L01_15_2.fq.gz,/Files/RawData/Y00785NC.barcodeToPos.h5,,,,16,cell,0,25,25,10,FALSE,FALSE,human,human,pbmc
Y00785NC-2,Y00785NC,/jdfsms2/CNGB_DATA/BGISEQ01/DIPSEQ/DIPSEQT1/P24Z31300N0041_Temp/Y00785NC-2/250227_65_DP8480014360TR_L01_SP2502160016~SP2502160017~SP2502160018/DP8480014360TR_L01_16_1.fq.gz,/jdfsms2/CNGB_DATA/BGISEQ01/DIPSEQ/DIPSEQT1/P24Z31300N0041_Temp/Y00785NC-2/250227_65_DP8480014360TR_L01_SP2502160016~SP2502160017~SP2502160018/DP8480014360TR_L01_16_2.fq.gz,/Files/RawData/Y00785NC.barcodeToPos.h5,,,,16,cell,0,25,25,10,FALSE,FALSE,human,human,pbmc
Y00785ND-1,Y00785ND,/jdfsms2/CNGB_DATA/BGISEQ01/DIPSEQ/DIPSEQT1/P24Z31300N0041_Temp/Y00785ND-1/250227_62_DP8480013502BR_L01_SP2502160019~SP2502160020~SP2502160021/DP8480013502BR_L01_17_1.fq.gz,/jdfsms2/CNGB_DATA/BGISEQ01/DIPSEQ/DIPSEQT1/P24Z31300N0041_Temp/Y00785ND-1/250227_62_DP8480013502BR_L01_SP2502160019~SP2502160020~SP2502160021/DP8480013502BR_L01_17_2.fq.gz,/Files/RawData/Y00785ND.barcodeToPos.h5,,,,16,cell,0,25,25,10,FALSE,FALSE,human,human,pbmc
Y00785ND-1,Y00785ND,/jdfsms2/CNGB_DATA/BGISEQ01/DIPSEQ/DIPSEQT1/P24Z31300N0041_Temp/Y00785ND-1/250227_62_DP8480013502BR_L01_SP2502160019~SP2502160020~SP2502160021/DP8480013502BR_L01_19_1.fq.gz,/jdfsms2/CNGB_DATA/BGISEQ01/DIPSEQ/DIPSEQT1/P24Z31300N0041_Temp/Y00785ND-1/250227_62_DP8480013502BR_L01_SP2502160019~SP2502160020~SP2502160021/DP8480013502BR_L01_19_2.fq.gz,/Files/RawData/Y00785ND.barcodeToPos.h5,,,,16,cell,0,25,25,10,FALSE,FALSE,human,human,pbmc
Y00785ND-1,Y00785ND,/jdfsms2/CNGB_DATA/BGISEQ01/DIPSEQ/DIPSEQT1/P24Z31300N0041_Temp/Y00785ND-1/250227_62_DP8480013502BR_L01_SP2502160019~SP2502160020~SP2502160021/DP8480013502BR_L01_20_1.fq.gz,/jdfsms2/CNGB_DATA/BGISEQ01/DIPSEQ/DIPSEQT1/P24Z31300N0041_Temp/Y00785ND-1/250227_62_DP8480013502BR_L01_SP2502160019~SP2502160020~SP2502160021/DP8480013502BR_L01_20_2.fq.gz,/Files/RawData/Y00785ND.barcodeToPos.h5,,,,16,cell,0,25,25,10,FALSE,FALSE,human,human,pbmc
Y00785ND-1,Y00785ND,/jdfsms2/CNGB_DATA/BGISEQ01/DIPSEQ/DIPSEQT1/P24Z31300N0041_Temp/Y00785ND-1/250227_62_DP8480013502BR_L01_SP2502160019~SP2502160020~SP2502160021/DP8480013502BR_L01_21_1.fq.gz,/jdfsms2/CNGB_DATA/BGISEQ01/DIPSEQ/DIPSEQT1/P24Z31300N0041_Temp/Y00785ND-1/250227_62_DP8480013502BR_L01_SP2502160019~SP2502160020~SP2502160021/DP8480013502BR_L01_21_2.fq.gz,/Files/RawData/Y00785ND.barcodeToPos.h5,,,,16,cell,0,25,25,10,FALSE,FALSE,human,human,pbmc
Y00785ND-1,Y00785ND,/jdfsms2/CNGB_DATA/BGISEQ01/DIPSEQ/DIPSEQT1/P24Z31300N0041_Temp/Y00785ND-1/250227_62_DP8480013502BR_L01_SP2502160019~SP2502160020~SP2502160021/DP8480013502BR_L01_23_1.fq.gz,/jdfsms2/CNGB_DATA/BGISEQ01/DIPSEQ/DIPSEQT1/P24Z31300N0041_Temp/Y00785ND-1/250227_62_DP8480013502BR_L01_SP2502160019~SP2502160020~SP2502160021/DP8480013502BR_L01_23_2.fq.gz,/Files/RawData/Y00785ND.barcodeToPos.h5,,,,16,cell,0,25,25,10,FALSE,FALSE,human,human,pbmc
Y00785ND-1,Y00785ND,/jdfsms2/CNGB_DATA/BGISEQ01/DIPSEQ/DIPSEQT1/P24Z31300N0041_Temp/Y00785ND-1/250227_62_DP8480013502BR_L01_SP2502160019~SP2502160020~SP2502160021/DP8480013502BR_L01_24_1.fq.gz,/jdfsms2/CNGB_DATA/BGISEQ01/DIPSEQ/DIPSEQT1/P24Z31300N0041_Temp/Y00785ND-1/250227_62_DP8480013502BR_L01_SP2502160019~SP2502160020~SP2502160021/DP8480013502BR_L01_24_2.fq.gz,/Files/RawData/Y00785ND.barcodeToPos.h5,,,,16,cell,0,25,25,10,FALSE,FALSE,human,human,pbmc
Y00785ND-1,Y00785ND,/jdfsms2/CNGB_DATA/BGISEQ01/DIPSEQ/DIPSEQT1/P24Z31300N0041_Temp/Y00785ND-1/250227_62_DP8480013502BR_L01_SP2502160019~SP2502160020~SP2502160021/DP8480013502BR_L01_33_1.fq.gz,/jdfsms2/CNGB_DATA/BGISEQ01/DIPSEQ/DIPSEQT1/P24Z31300N0041_Temp/Y00785ND-1/250227_62_DP8480013502BR_L01_SP2502160019~SP2502160020~SP2502160021/DP8480013502BR_L01_33_2.fq.gz,/Files/RawData/Y00785ND.barcodeToPos.h5,,,,16,cell,0,25,25,10,FALSE,FALSE,human,human,pbmc
Y00785ND-1,Y00785ND,/jdfsms2/CNGB_DATA/BGISEQ01/DIPSEQ/DIPSEQT1/P24Z31300N0041_Temp/Y00785ND-1/250227_64_DP8480014357TR_L01_SP2502160019~SP2502160020~SP2502160021/DP8480014357TR_L01_17_1.fq.gz,/jdfsms2/CNGB_DATA/BGISEQ01/DIPSEQ/DIPSEQT1/P24Z31300N0041_Temp/Y00785ND-1/250227_64_DP8480014357TR_L01_SP2502160019~SP2502160020~SP2502160021/DP8480014357TR_L01_17_2.fq.gz,/Files/RawData/Y00785ND.barcodeToPos.h5,,,,16,cell,0,25,25,10,FALSE,FALSE,human,human,pbmc
Y00785ND-1,Y00785ND,/jdfsms2/CNGB_DATA/BGISEQ01/DIPSEQ/DIPSEQT1/P24Z31300N0041_Temp/Y00785ND-1/250227_64_DP8480014357TR_L01_SP2502160019~SP2502160020~SP2502160021/DP8480014357TR_L01_19_1.fq.gz,/jdfsms2/CNGB_DATA/BGISEQ01/DIPSEQ/DIPSEQT1/P24Z31300N0041_Temp/Y00785ND-1/250227_64_DP8480014357TR_L01_SP2502160019~SP2502160020~SP2502160021/DP8480014357TR_L01_19_2.fq.gz,/Files/RawData/Y00785ND.barcodeToPos.h5,,,,16,cell,0,25,25,10,FALSE,FALSE,human,human,pbmc
Y00785ND-1,Y00785ND,/jdfsms2/CNGB_DATA/BGISEQ01/DIPSEQ/DIPSEQT1/P24Z31300N0041_Temp/Y00785ND-1/250227_64_DP8480014357TR_L01_SP2502160019~SP2502160020~SP2502160021/DP8480014357TR_L01_20_1.fq.gz,/jdfsms2/CNGB_DATA/BGISEQ01/DIPSEQ/DIPSEQT1/P24Z31300N0041_Temp/Y00785ND-1/250227_64_DP8480014357TR_L01_SP2502160019~SP2502160020~SP2502160021/DP8480014357TR_L01_20_2.fq.gz,/Files/RawData/Y00785ND.barcodeToPos.h5,,,,16,cell,0,25,25,10,FALSE,FALSE,human,human,pbmc
Y00785ND-1,Y00785ND,/jdfsms2/CNGB_DATA/BGISEQ01/DIPSEQ/DIPSEQT1/P24Z31300N0041_Temp/Y00785ND-1/250227_64_DP8480014357TR_L01_SP2502160019~SP2502160020~SP2502160021/DP8480014357TR_L01_21_1.fq.gz,/jdfsms2/CNGB_DATA/BGISEQ01/DIPSEQ/DIPSEQT1/P24Z31300N0041_Temp/Y00785ND-1/250227_64_DP8480014357TR_L01_SP2502160019~SP2502160020~SP2502160021/DP8480014357TR_L01_21_2.fq.gz,/Files/RawData/Y00785ND.barcodeToPos.h5,,,,16,cell,0,25,25,10,FALSE,FALSE,human,human,pbmc
Y00785ND-1,Y00785ND,/jdfsms2/CNGB_DATA/BGISEQ01/DIPSEQ/DIPSEQT1/P24Z31300N0041_Temp/Y00785ND-1/250227_64_DP8480014357TR_L01_SP2502160019~SP2502160020~SP2502160021/DP8480014357TR_L01_23_1.fq.gz,/jdfsms2/CNGB_DATA/BGISEQ01/DIPSEQ/DIPSEQT1/P24Z31300N0041_Temp/Y00785ND-1/250227_64_DP8480014357TR_L01_SP2502160019~SP2502160020~SP2502160021/DP8480014357TR_L01_23_2.fq.gz,/Files/RawData/Y00785ND.barcodeToPos.h5,,,,16,cell,0,25,25,10,FALSE,FALSE,human,human,pbmc
Y00785ND-1,Y00785ND,/jdfsms2/CNGB_DATA/BGISEQ01/DIPSEQ/DIPSEQT1/P24Z31300N0041_Temp/Y00785ND-1/250227_64_DP8480014357TR_L01_SP2502160019~SP2502160020~SP2502160021/DP8480014357TR_L01_24_1.fq.gz,/jdfsms2/CNGB_DATA/BGISEQ01/DIPSEQ/DIPSEQT1/P24Z31300N0041_Temp/Y00785ND-1/250227_64_DP8480014357TR_L01_SP2502160019~SP2502160020~SP2502160021/DP8480014357TR_L01_24_2.fq.gz,/Files/RawData/Y00785ND.barcodeToPos.h5,,,,16,cell,0,25,25,10,FALSE,FALSE,human,human,pbmc
Y00785ND-1,Y00785ND,/jdfsms2/CNGB_DATA/BGISEQ01/DIPSEQ/DIPSEQT1/P24Z31300N0041_Temp/Y00785ND-1/250227_64_DP8480014357TR_L01_SP2502160019~SP2502160020~SP2502160021/DP8480014357TR_L01_33_1.fq.gz,/jdfsms2/CNGB_DATA/BGISEQ01/DIPSEQ/DIPSEQT1/P24Z31300N0041_Temp/Y00785ND-1/250227_64_DP8480014357TR_L01_SP2502160019~SP2502160020~SP2502160021/DP8480014357TR_L01_33_2.fq.gz,/Files/RawData/Y00785ND.barcodeToPos.h5,,,,16,cell,0,25,25,10,FALSE,FALSE,human,human,pbmc
Y00785ND-1,Y00785ND,/jdfsms2/CNGB_DATA/BGISEQ01/DIPSEQ/DIPSEQT1/P24Z31300N0041_Temp/Y00785ND-1/250227_64_DP8480014358TR_L01_SP2502160019~SP2502160020~SP2502160021/DP8480014358TR_L01_17_1.fq.gz,/jdfsms2/CNGB_DATA/BGISEQ01/DIPSEQ/DIPSEQT1/P24Z31300N0041_Temp/Y00785ND-1/250227_64_DP8480014358TR_L01_SP2502160019~SP2502160020~SP2502160021/DP8480014358TR_L01_17_2.fq.gz,/Files/RawData/Y00785ND.barcodeToPos.h5,,,,16,cell,0,25,25,10,FALSE,FALSE,human,human,pbmc
Y00785ND-1,Y00785ND,/jdfsms2/CNGB_DATA/BGISEQ01/DIPSEQ/DIPSEQT1/P24Z31300N0041_Temp/Y00785ND-1/250227_64_DP8480014358TR_L01_SP2502160019~SP2502160020~SP2502160021/DP8480014358TR_L01_19_1.fq.gz,/jdfsms2/CNGB_DATA/BGISEQ01/DIPSEQ/DIPSEQT1/P24Z31300N0041_Temp/Y00785ND-1/250227_64_DP8480014358TR_L01_SP2502160019~SP2502160020~SP2502160021/DP8480014358TR_L01_19_2.fq.gz,/Files/RawData/Y00785ND.barcodeToPos.h5,,,,16,cell,0,25,25,10,FALSE,FALSE,human,human,pbmc
Y00785ND-1,Y00785ND,/jdfsms2/CNGB_DATA/BGISEQ01/DIPSEQ/DIPSEQT1/P24Z31300N0041_Temp/Y00785ND-1/250227_64_DP8480014358TR_L01_SP2502160019~SP2502160020~SP2502160021/DP8480014358TR_L01_20_1.fq.gz,/jdfsms2/CNGB_DATA/BGISEQ01/DIPSEQ/DIPSEQT1/P24Z31300N0041_Temp/Y00785ND-1/250227_64_DP8480014358TR_L01_SP2502160019~SP2502160020~SP2502160021/DP8480014358TR_L01_20_2.fq.gz,/Files/RawData/Y00785ND.barcodeToPos.h5,,,,16,cell,0,25,25,10,FALSE,FALSE,human,human,pbmc
Y00785ND-1,Y00785ND,/jdfsms2/CNGB_DATA/BGISEQ01/DIPSEQ/DIPSEQT1/P24Z31300N0041_Temp/Y00785ND-1/250227_64_DP8480014358TR_L01_SP2502160019~SP2502160020~SP2502160021/DP8480014358TR_L01_21_1.fq.gz,/jdfsms2/CNGB_DATA/BGISEQ01/DIPSEQ/DIPSEQT1/P24Z31300N0041_Temp/Y00785ND-1/250227_64_DP8480014358TR_L01_SP2502160019~SP2502160020~SP2502160021/DP8480014358TR_L01_21_2.fq.gz,/Files/RawData/Y00785ND.barcodeToPos.h5,,,,16,cell,0,25,25,10,FALSE,FALSE,human,human,pbmc
Y00785ND-1,Y00785ND,/jdfsms2/CNGB_DATA/BGISEQ01/DIPSEQ/DIPSEQT1/P24Z31300N0041_Temp/Y00785ND-1/250227_64_DP8480014358TR_L01_SP2502160019~SP2502160020~SP2502160021/DP8480014358TR_L01_23_1.fq.gz,/jdfsms2/CNGB_DATA/BGISEQ01/DIPSEQ/DIPSEQT1/P24Z31300N0041_Temp/Y00785ND-1/250227_64_DP8480014358TR_L01_SP2502160019~SP2502160020~SP2502160021/DP8480014358TR_L01_23_2.fq.gz,/Files/RawData/Y00785ND.barcodeToPos.h5,,,,16,cell,0,25,25,10,FALSE,FALSE,human,human,pbmc
Y00785ND-1,Y00785ND,/jdfsms2/CNGB_DATA/BGISEQ01/DIPSEQ/DIPSEQT1/P24Z31300N0041_Temp/Y00785ND-1/250227_64_DP8480014358TR_L01_SP2502160019~SP2502160020~SP2502160021/DP8480014358TR_L01_24_1.fq.gz,/jdfsms2/CNGB_DATA/BGISEQ01/DIPSEQ/DIPSEQT1/P24Z31300N0041_Temp/Y00785ND-1/250227_64_DP8480014358TR_L01_SP2502160019~SP2502160020~SP2502160021/DP8480014358TR_L01_24_2.fq.gz,/Files/RawData/Y00785ND.barcodeToPos.h5,,,,16,cell,0,25,25,10,FALSE,FALSE,human,human,pbmc
Y00785ND-1,Y00785ND,/jdfsms2/CNGB_DATA/BGISEQ01/DIPSEQ/DIPSEQT1/P24Z31300N0041_Temp/Y00785ND-1/250227_64_DP8480014358TR_L01_SP2502160019~SP2502160020~SP2502160021/DP8480014358TR_L01_33_1.fq.gz,/jdfsms2/CNGB_DATA/BGISEQ01/DIPSEQ/DIPSEQT1/P24Z31300N0041_Temp/Y00785ND-1/250227_64_DP8480014358TR_L01_SP2502160019~SP2502160020~SP2502160021/DP8480014358TR_L01_33_2.fq.gz,/Files/RawData/Y00785ND.barcodeToPos.h5,,,,16,cell,0,25,25,10,FALSE,FALSE,human,human,pbmc
Y00785ND-1,Y00785ND,/jdfsms2/CNGB_DATA/BGISEQ01/DIPSEQ/DIPSEQT1/P24Z31300N0041_Temp/Y00785ND-1/250227_65_DP8480014359TR_L01_SP2502160019~SP2502160020~SP2502160021/DP8480014359TR_L01_17_1.fq.gz,/jdfsms2/CNGB_DATA/BGISEQ01/DIPSEQ/DIPSEQT1/P24Z31300N0041_Temp/Y00785ND-1/250227_65_DP8480014359TR_L01_SP2502160019~SP2502160020~SP2502160021/DP8480014359TR_L01_17_2.fq.gz,/Files/RawData/Y00785ND.barcodeToPos.h5,,,,16,cell,0,25,25,10,FALSE,FALSE,human,human,pbmc
Y00785ND-1,Y00785ND,/jdfsms2/CNGB_DATA/BGISEQ01/DIPSEQ/DIPSEQT1/P24Z31300N0041_Temp/Y00785ND-1/250227_65_DP8480014359TR_L01_SP2502160019~SP2502160020~SP2502160021/DP8480014359TR_L01_19_1.fq.gz,/jdfsms2/CNGB_DATA/BGISEQ01/DIPSEQ/DIPSEQT1/P24Z31300N0041_Temp/Y00785ND-1/250227_65_DP8480014359TR_L01_SP2502160019~SP2502160020~SP2502160021/DP8480014359TR_L01_19_2.fq.gz,/Files/RawData/Y00785ND.barcodeToPos.h5,,,,16,cell,0,25,25,10,FALSE,FALSE,human,human,pbmc
Y00785ND-1,Y00785ND,/jdfsms2/CNGB_DATA/BGISEQ01/DIPSEQ/DIPSEQT1/P24Z31300N0041_Temp/Y00785ND-1/250227_65_DP8480014359TR_L01_SP2502160019~SP2502160020~SP2502160021/DP8480014359TR_L01_20_1.fq.gz,/jdfsms2/CNGB_DATA/BGISEQ01/DIPSEQ/DIPSEQT1/P24Z31300N0041_Temp/Y00785ND-1/250227_65_DP8480014359TR_L01_SP2502160019~SP2502160020~SP2502160021/DP8480014359TR_L01_20_2.fq.gz,/Files/RawData/Y00785ND.barcodeToPos.h5,,,,16,cell,0,25,25,10,FALSE,FALSE,human,human,pbmc
Y00785ND-1,Y00785ND,/jdfsms2/CNGB_DATA/BGISEQ01/DIPSEQ/DIPSEQT1/P24Z31300N0041_Temp/Y00785ND-1/250227_65_DP8480014359TR_L01_SP2502160019~SP2502160020~SP2502160021/DP8480014359TR_L01_21_1.fq.gz,/jdfsms2/CNGB_DATA/BGISEQ01/DIPSEQ/DIPSEQT1/P24Z31300N0041_Temp/Y00785ND-1/250227_65_DP8480014359TR_L01_SP2502160019~SP2502160020~SP2502160021/DP8480014359TR_L01_21_2.fq.gz,/Files/RawData/Y00785ND.barcodeToPos.h5,,,,16,cell,0,25,25,10,FALSE,FALSE,human,human,pbmc
Y00785ND-1,Y00785ND,/jdfsms2/CNGB_DATA/BGISEQ01/DIPSEQ/DIPSEQT1/P24Z31300N0041_Temp/Y00785ND-1/250227_65_DP8480014359TR_L01_SP2502160019~SP2502160020~SP2502160021/DP8480014359TR_L01_23_1.fq.gz,/jdfsms2/CNGB_DATA/BGISEQ01/DIPSEQ/DIPSEQT1/P24Z31300N0041_Temp/Y00785ND-1/250227_65_DP8480014359TR_L01_SP2502160019~SP2502160020~SP2502160021/DP8480014359TR_L01_23_2.fq.gz,/Files/RawData/Y00785ND.barcodeToPos.h5,,,,16,cell,0,25,25,10,FALSE,FALSE,human,human,pbmc
Y00785ND-1,Y00785ND,/jdfsms2/CNGB_DATA/BGISEQ01/DIPSEQ/DIPSEQT1/P24Z31300N0041_Temp/Y00785ND-1/250227_65_DP8480014359TR_L01_SP2502160019~SP2502160020~SP2502160021/DP8480014359TR_L01_24_1.fq.gz,/jdfsms2/CNGB_DATA/BGISEQ01/DIPSEQ/DIPSEQT1/P24Z31300N0041_Temp/Y00785ND-1/250227_65_DP8480014359TR_L01_SP2502160019~SP2502160020~SP2502160021/DP8480014359TR_L01_24_2.fq.gz,/Files/RawData/Y00785ND.barcodeToPos.h5,,,,16,cell,0,25,25,10,FALSE,FALSE,human,human,pbmc
Y00785ND-1,Y00785ND,/jdfsms2/CNGB_DATA/BGISEQ01/DIPSEQ/DIPSEQT1/P24Z31300N0041_Temp/Y00785ND-1/250227_65_DP8480014359TR_L01_SP2502160019~SP2502160020~SP2502160021/DP8480014359TR_L01_33_1.fq.gz,/jdfsms2/CNGB_DATA/BGISEQ01/DIPSEQ/DIPSEQT1/P24Z31300N0041_Temp/Y00785ND-1/250227_65_DP8480014359TR_L01_SP2502160019~SP2502160020~SP2502160021/DP8480014359TR_L01_33_2.fq.gz,/Files/RawData/Y00785ND.barcodeToPos.h5,,,,16,cell,0,25,25,10,FALSE,FALSE,human,human,pbmc
Y00785ND-2,Y00785ND,/jdfsms2/CNGB_DATA/BGISEQ01/DIPSEQ/DIPSEQT1/P24Z31300N0041_Temp/Y00785ND-2/250227_65_DP8480014359TR_L01_SP2502160022~SP2502160023~SP2502160024/DP8480014359TR_L01_39_1.fq.gz,/jdfsms2/CNGB_DATA/BGISEQ01/DIPSEQ/DIPSEQT1/P24Z31300N0041_Temp/Y00785ND-2/250227_65_DP8480014359TR_L01_SP2502160022~SP2502160023~SP2502160024/DP8480014359TR_L01_39_2.fq.gz,/Files/RawData/Y00785ND.barcodeToPos.h5,,,,16,cell,0,25,25,10,FALSE,FALSE,human,human,pbmc
Y00785ND-2,Y00785ND,/jdfsms2/CNGB_DATA/BGISEQ01/DIPSEQ/DIPSEQT1/P24Z31300N0041_Temp/Y00785ND-2/250227_65_DP8480014359TR_L01_SP2502160022~SP2502160023~SP2502160024/DP8480014359TR_L01_41_1.fq.gz,/jdfsms2/CNGB_DATA/BGISEQ01/DIPSEQ/DIPSEQT1/P24Z31300N0041_Temp/Y00785ND-2/250227_65_DP8480014359TR_L01_SP2502160022~SP2502160023~SP2502160024/DP8480014359TR_L01_41_2.fq.gz,/Files/RawData/Y00785ND.barcodeToPos.h5,,,,16,cell,0,25,25,10,FALSE,FALSE,human,human,pbmc
Y00785ND-2,Y00785ND,/jdfsms2/CNGB_DATA/BGISEQ01/DIPSEQ/DIPSEQT1/P24Z31300N0041_Temp/Y00785ND-2/250227_65_DP8480014359TR_L01_SP2502160022~SP2502160023~SP2502160024/DP8480014359TR_L01_42_1.fq.gz,/jdfsms2/CNGB_DATA/BGISEQ01/DIPSEQ/DIPSEQT1/P24Z31300N0041_Temp/Y00785ND-2/250227_65_DP8480014359TR_L01_SP2502160022~SP2502160023~SP2502160024/DP8480014359TR_L01_42_2.fq.gz,/Files/RawData/Y00785ND.barcodeToPos.h5,,,,16,cell,0,25,25,10,FALSE,FALSE,human,human,pbmc
Y00785ND-2,Y00785ND,/jdfsms2/CNGB_DATA/BGISEQ01/DIPSEQ/DIPSEQT1/P24Z31300N0041_Temp/Y00785ND-2/250227_65_DP8480014359TR_L01_SP2502160022~SP2502160023~SP2502160024/DP8480014359TR_L01_43_1.fq.gz,/jdfsms2/CNGB_DATA/BGISEQ01/DIPSEQ/DIPSEQT1/P24Z31300N0041_Temp/Y00785ND-2/250227_65_DP8480014359TR_L01_SP2502160022~SP2502160023~SP2502160024/DP8480014359TR_L01_43_2.fq.gz,/Files/RawData/Y00785ND.barcodeToPos.h5,,,,16,cell,0,25,25,10,FALSE,FALSE,human,human,pbmc
Y00785ND-2,Y00785ND,/jdfsms2/CNGB_DATA/BGISEQ01/DIPSEQ/DIPSEQT1/P24Z31300N0041_Temp/Y00785ND-2/250227_65_DP8480014359TR_L01_SP2502160022~SP2502160023~SP2502160024/DP8480014359TR_L01_44_1.fq.gz,/jdfsms2/CNGB_DATA/BGISEQ01/DIPSEQ/DIPSEQT1/P24Z31300N0041_Temp/Y00785ND-2/250227_65_DP8480014359TR_L01_SP2502160022~SP2502160023~SP2502160024/DP8480014359TR_L01_44_2.fq.gz,/Files/RawData/Y00785ND.barcodeToPos.h5,,,,16,cell,0,25,25,10,FALSE,FALSE,human,human,pbmc
Y00785ND-2,Y00785ND,/jdfsms2/CNGB_DATA/BGISEQ01/DIPSEQ/DIPSEQT1/P24Z31300N0041_Temp/Y00785ND-2/250227_65_DP8480014359TR_L01_SP2502160022~SP2502160023~SP2502160024/DP8480014359TR_L01_45_1.fq.gz,/jdfsms2/CNGB_DATA/BGISEQ01/DIPSEQ/DIPSEQT1/P24Z31300N0041_Temp/Y00785ND-2/250227_65_DP8480014359TR_L01_SP2502160022~SP2502160023~SP2502160024/DP8480014359TR_L01_45_2.fq.gz,/Files/RawData/Y00785ND.barcodeToPos.h5,,,,16,cell,0,25,25,10,FALSE,FALSE,human,human,pbmc
Y00785ND-2,Y00785ND,/jdfsms2/CNGB_DATA/BGISEQ01/DIPSEQ/DIPSEQT1/P24Z31300N0041_Temp/Y00785ND-2/250227_65_DP8480014359TR_L01_SP2502160022~SP2502160023~SP2502160024/DP8480014359TR_L01_46_1.fq.gz,/jdfsms2/CNGB_DATA/BGISEQ01/DIPSEQ/DIPSEQT1/P24Z31300N0041_Temp/Y00785ND-2/250227_65_DP8480014359TR_L01_SP2502160022~SP2502160023~SP2502160024/DP8480014359TR_L01_46_2.fq.gz,/Files/RawData/Y00785ND.barcodeToPos.h5,,,,16,cell,0,25,25,10,FALSE,FALSE,human,human,pbmc
Y00785ND-2,Y00785ND,/jdfsms2/CNGB_DATA/BGISEQ01/DIPSEQ/DIPSEQT1/P24Z31300N0041_Temp/Y00785ND-2/250227_65_DP8480014359TR_L01_SP2502160022~SP2502160023~SP2502160024/DP8480014359TR_L01_47_1.fq.gz,/jdfsms2/CNGB_DATA/BGISEQ01/DIPSEQ/DIPSEQT1/P24Z31300N0041_Temp/Y00785ND-2/250227_65_DP8480014359TR_L01_SP2502160022~SP2502160023~SP2502160024/DP8480014359TR_L01_47_2.fq.gz,/Files/RawData/Y00785ND.barcodeToPos.h5,,,,16,cell,0,25,25,10,FALSE,FALSE,human,human,pbmc
Y00785NE-1,Y00785NE,/jdfsms2/CNGB_DATA/BGISEQ01/DIPSEQ/DIPSEQT1/P24Z31300N0041_Temp/Y00785NE-1/250227_64_DP8480014358TR_L01_SP2502160025~SP2502160026~SP2502160027/DP8480014358TR_L01_26_1.fq.gz,/jdfsms2/CNGB_DATA/BGISEQ01/DIPSEQ/DIPSEQT1/P24Z31300N0041_Temp/Y00785NE-1/250227_64_DP8480014358TR_L01_SP2502160025~SP2502160026~SP2502160027/DP8480014358TR_L01_26_2.fq.gz,/Files/RawData/Y00785NE.barcodeToPos.h5,,,,16,cell,0,25,25,10,FALSE,FALSE,human,human,pbmc
Y00785NE-1,Y00785NE,/jdfsms2/CNGB_DATA/BGISEQ01/DIPSEQ/DIPSEQT1/P24Z31300N0041_Temp/Y00785NE-1/250227_64_DP8480014358TR_L01_SP2502160025~SP2502160026~SP2502160027/DP8480014358TR_L01_49_1.fq.gz,/jdfsms2/CNGB_DATA/BGISEQ01/DIPSEQ/DIPSEQT1/P24Z31300N0041_Temp/Y00785NE-1/250227_64_DP8480014358TR_L01_SP2502160025~SP2502160026~SP2502160027/DP8480014358TR_L01_49_2.fq.gz,/Files/RawData/Y00785NE.barcodeToPos.h5,,,,16,cell,0,25,25,10,FALSE,FALSE,human,human,pbmc
Y00785NE-1,Y00785NE,/jdfsms2/CNGB_DATA/BGISEQ01/DIPSEQ/DIPSEQT1/P24Z31300N0041_Temp/Y00785NE-1/250227_64_DP8480014358TR_L01_SP2502160025~SP2502160026~SP2502160027/DP8480014358TR_L01_50_1.fq.gz,/jdfsms2/CNGB_DATA/BGISEQ01/DIPSEQ/DIPSEQT1/P24Z31300N0041_Temp/Y00785NE-1/250227_64_DP8480014358TR_L01_SP2502160025~SP2502160026~SP2502160027/DP8480014358TR_L01_50_2.fq.gz,/Files/RawData/Y00785NE.barcodeToPos.h5,,,,16,cell,0,25,25,10,FALSE,FALSE,human,human,pbmc
Y00785NE-1,Y00785NE,/jdfsms2/CNGB_DATA/BGISEQ01/DIPSEQ/DIPSEQT1/P24Z31300N0041_Temp/Y00785NE-1/250227_64_DP8480014358TR_L01_SP2502160025~SP2502160026~SP2502160027/DP8480014358TR_L01_51_1.fq.gz,/jdfsms2/CNGB_DATA/BGISEQ01/DIPSEQ/DIPSEQT1/P24Z31300N0041_Temp/Y00785NE-1/250227_64_DP8480014358TR_L01_SP2502160025~SP2502160026~SP2502160027/DP8480014358TR_L01_51_2.fq.gz,/Files/RawData/Y00785NE.barcodeToPos.h5,,,,16,cell,0,25,25,10,FALSE,FALSE,human,human,pbmc
Y00785NE-1,Y00785NE,/jdfsms2/CNGB_DATA/BGISEQ01/DIPSEQ/DIPSEQT1/P24Z31300N0041_Temp/Y00785NE-1/250227_64_DP8480014358TR_L01_SP2502160025~SP2502160026~SP2502160027/DP8480014358TR_L01_52_1.fq.gz,/jdfsms2/CNGB_DATA/BGISEQ01/DIPSEQ/DIPSEQT1/P24Z31300N0041_Temp/Y00785NE-1/250227_64_DP8480014358TR_L01_SP2502160025~SP2502160026~SP2502160027/DP8480014358TR_L01_52_2.fq.gz,/Files/RawData/Y00785NE.barcodeToPos.h5,,,,16,cell,0,25,25,10,FALSE,FALSE,human,human,pbmc
Y00785NE-1,Y00785NE,/jdfsms2/CNGB_DATA/BGISEQ01/DIPSEQ/DIPSEQT1/P24Z31300N0041_Temp/Y00785NE-1/250227_64_DP8480014358TR_L01_SP2502160025~SP2502160026~SP2502160027/DP8480014358TR_L01_54_1.fq.gz,/jdfsms2/CNGB_DATA/BGISEQ01/DIPSEQ/DIPSEQT1/P24Z31300N0041_Temp/Y00785NE-1/250227_64_DP8480014358TR_L01_SP2502160025~SP2502160026~SP2502160027/DP8480014358TR_L01_54_2.fq.gz,/Files/RawData/Y00785NE.barcodeToPos.h5,,,,16,cell,0,25,25,10,FALSE,FALSE,human,human,pbmc
Y00785NE-1,Y00785NE,/jdfsms2/CNGB_DATA/BGISEQ01/DIPSEQ/DIPSEQT1/P24Z31300N0041_Temp/Y00785NE-1/250227_64_DP8480014358TR_L01_SP2502160025~SP2502160026~SP2502160027/DP8480014358TR_L01_55_1.fq.gz,/jdfsms2/CNGB_DATA/BGISEQ01/DIPSEQ/DIPSEQT1/P24Z31300N0041_Temp/Y00785NE-1/250227_64_DP8480014358TR_L01_SP2502160025~SP2502160026~SP2502160027/DP8480014358TR_L01_55_2.fq.gz,/Files/RawData/Y00785NE.barcodeToPos.h5,,,,16,cell,0,25,25,10,FALSE,FALSE,human,human,pbmc
Y00785NE-1,Y00785NE,/jdfsms2/CNGB_DATA/BGISEQ01/DIPSEQ/DIPSEQT1/P24Z31300N0041_Temp/Y00785NE-1/250227_64_DP8480014358TR_L01_SP2502160025~SP2502160026~SP2502160027/DP8480014358TR_L01_56_1.fq.gz,/jdfsms2/CNGB_DATA/BGISEQ01/DIPSEQ/DIPSEQT1/P24Z31300N0041_Temp/Y00785NE-1/250227_64_DP8480014358TR_L01_SP2502160025~SP2502160026~SP2502160027/DP8480014358TR_L01_56_2.fq.gz,/Files/RawData/Y00785NE.barcodeToPos.h5,,,,16,cell,0,25,25,10,FALSE,FALSE,human,human,pbmc
Y00788L3-1,Y00788L3,/jdfsms2/CNGB_DATA/BGISEQ01/DIPSEQ/DIPSEQT1/P24Z31300N0041_Temp/Y00788L3-1/250227_64_DP8480014357TR_L01_SP2502160028~SP2502160029~SP2502160030/DP8480014357TR_L01_57_1.fq.gz,/jdfsms2/CNGB_DATA/BGISEQ01/DIPSEQ/DIPSEQT1/P24Z31300N0041_Temp/Y00788L3-1/250227_64_DP8480014357TR_L01_SP2502160028~SP2502160029~SP2502160030/DP8480014357TR_L01_57_2.fq.gz,/Files/RawData/Y00788L3.barcodeToPos.h5,,,,16,cell,0,25,25,10,FALSE,FALSE,human,human,pbmc
Y00788L3-1,Y00788L3,/jdfsms2/CNGB_DATA/BGISEQ01/DIPSEQ/DIPSEQT1/P24Z31300N0041_Temp/Y00788L3-1/250227_64_DP8480014357TR_L01_SP2502160028~SP2502160029~SP2502160030/DP8480014357TR_L01_58_1.fq.gz,/jdfsms2/CNGB_DATA/BGISEQ01/DIPSEQ/DIPSEQT1/P24Z31300N0041_Temp/Y00788L3-1/250227_64_DP8480014357TR_L01_SP2502160028~SP2502160029~SP2502160030/DP8480014357TR_L01_58_2.fq.gz,/Files/RawData/Y00788L3.barcodeToPos.h5,,,,16,cell,0,25,25,10,FALSE,FALSE,human,human,pbmc
Y00788L3-1,Y00788L3,/jdfsms2/CNGB_DATA/BGISEQ01/DIPSEQ/DIPSEQT1/P24Z31300N0041_Temp/Y00788L3-1/250227_64_DP8480014357TR_L01_SP2502160028~SP2502160029~SP2502160030/DP8480014357TR_L01_59_1.fq.gz,/jdfsms2/CNGB_DATA/BGISEQ01/DIPSEQ/DIPSEQT1/P24Z31300N0041_Temp/Y00788L3-1/250227_64_DP8480014357TR_L01_SP2502160028~SP2502160029~SP2502160030/DP8480014357TR_L01_59_2.fq.gz,/Files/RawData/Y00788L3.barcodeToPos.h5,,,,16,cell,0,25,25,10,FALSE,FALSE,human,human,pbmc
Y00788L3-1,Y00788L3,/jdfsms2/CNGB_DATA/BGISEQ01/DIPSEQ/DIPSEQT1/P24Z31300N0041_Temp/Y00788L3-1/250227_64_DP8480014357TR_L01_SP2502160028~SP2502160029~SP2502160030/DP8480014357TR_L01_60_1.fq.gz,/jdfsms2/CNGB_DATA/BGISEQ01/DIPSEQ/DIPSEQT1/P24Z31300N0041_Temp/Y00788L3-1/250227_64_DP8480014357TR_L01_SP2502160028~SP2502160029~SP2502160030/DP8480014357TR_L01_60_2.fq.gz,/Files/RawData/Y00788L3.barcodeToPos.h5,,,,16,cell,0,25,25,10,FALSE,FALSE,human,human,pbmc
Y00788L3-1,Y00788L3,/jdfsms2/CNGB_DATA/BGISEQ01/DIPSEQ/DIPSEQT1/P24Z31300N0041_Temp/Y00788L3-1/250227_64_DP8480014357TR_L01_SP2502160028~SP2502160029~SP2502160030/DP8480014357TR_L01_61_1.fq.gz,/jdfsms2/CNGB_DATA/BGISEQ01/DIPSEQ/DIPSEQT1/P24Z31300N0041_Temp/Y00788L3-1/250227_64_DP8480014357TR_L01_SP2502160028~SP2502160029~SP2502160030/DP8480014357TR_L01_61_2.fq.gz,/Files/RawData/Y00788L3.barcodeToPos.h5,,,,16,cell,0,25,25,10,FALSE,FALSE,human,human,pbmc
Y00788L3-1,Y00788L3,/jdfsms2/CNGB_DATA/BGISEQ01/DIPSEQ/DIPSEQT1/P24Z31300N0041_Temp/Y00788L3-1/250227_64_DP8480014357TR_L01_SP2502160028~SP2502160029~SP2502160030/DP8480014357TR_L01_62_1.fq.gz,/jdfsms2/CNGB_DATA/BGISEQ01/DIPSEQ/DIPSEQT1/P24Z31300N0041_Temp/Y00788L3-1/250227_64_DP8480014357TR_L01_SP2502160028~SP2502160029~SP2502160030/DP8480014357TR_L01_62_2.fq.gz,/Files/RawData/Y00788L3.barcodeToPos.h5,,,,16,cell,0,25,25,10,FALSE,FALSE,human,human,pbmc
Y00788L3-1,Y00788L3,/jdfsms2/CNGB_DATA/BGISEQ01/DIPSEQ/DIPSEQT1/P24Z31300N0041_Temp/Y00788L3-1/250227_64_DP8480014357TR_L01_SP2502160028~SP2502160029~SP2502160030/DP8480014357TR_L01_63_1.fq.gz,/jdfsms2/CNGB_DATA/BGISEQ01/DIPSEQ/DIPSEQT1/P24Z31300N0041_Temp/Y00788L3-1/250227_64_DP8480014357TR_L01_SP2502160028~SP2502160029~SP2502160030/DP8480014357TR_L01_63_2.fq.gz,/Files/RawData/Y00788L3.barcodeToPos.h5,,,,16,cell,0,25,25,10,FALSE,FALSE,human,human,pbmc
Y00788L3-1,Y00788L3,/jdfsms2/CNGB_DATA/BGISEQ01/DIPSEQ/DIPSEQT1/P24Z31300N0041_Temp/Y00788L3-1/250227_64_DP8480014357TR_L01_SP2502160028~SP2502160029~SP2502160030/DP8480014357TR_L01_64_1.fq.gz,/jdfsms2/CNGB_DATA/BGISEQ01/DIPSEQ/DIPSEQT1/P24Z31300N0041_Temp/Y00788L3-1/250227_64_DP8480014357TR_L01_SP2502160028~SP2502160029~SP2502160030/DP8480014357TR_L01_64_2.fq.gz,/Files/RawData/Y00788L3.barcodeToPos.h5,,,,16,cell,0,25,25,10,FALSE,FALSE,human,human,pbmc
Y00788L4-1,Y00788L4,/jdfsms2/CNGB_DATA/BGISEQ01/DIPSEQ/DIPSEQT1/P24Z31300N0041_Temp/Y00788L4-1/250227_62_DP8480014356TR_L01_SP2502160031~SP2502160032~SP2502160033/DP8480014356TR_L01_65_1.fq.gz,/jdfsms2/CNGB_DATA/BGISEQ01/DIPSEQ/DIPSEQT1/P24Z31300N0041_Temp/Y00788L4-1/250227_62_DP8480014356TR_L01_SP2502160031~SP2502160032~SP2502160033/DP8480014356TR_L01_65_2.fq.gz,/Files/RawData/Y00788L4.barcodeToPos.h5,,,,16,cell,0,25,25,10,FALSE,FALSE,human,human,pbmc
Y00788L4-1,Y00788L4,/jdfsms2/CNGB_DATA/BGISEQ01/DIPSEQ/DIPSEQT1/P24Z31300N0041_Temp/Y00788L4-1/250227_62_DP8480014356TR_L01_SP2502160031~SP2502160032~SP2502160033/DP8480014356TR_L01_66_1.fq.gz,/jdfsms2/CNGB_DATA/BGISEQ01/DIPSEQ/DIPSEQT1/P24Z31300N0041_Temp/Y00788L4-1/250227_62_DP8480014356TR_L01_SP2502160031~SP2502160032~SP2502160033/DP8480014356TR_L01_66_2.fq.gz,/Files/RawData/Y00788L4.barcodeToPos.h5,,,,16,cell,0,25,25,10,FALSE,FALSE,human,human,pbmc
Y00788L4-1,Y00788L4,/jdfsms2/CNGB_DATA/BGISEQ01/DIPSEQ/DIPSEQT1/P24Z31300N0041_Temp/Y00788L4-1/250227_62_DP8480014356TR_L01_SP2502160031~SP2502160032~SP2502160033/DP8480014356TR_L01_67_1.fq.gz,/jdfsms2/CNGB_DATA/BGISEQ01/DIPSEQ/DIPSEQT1/P24Z31300N0041_Temp/Y00788L4-1/250227_62_DP8480014356TR_L01_SP2502160031~SP2502160032~SP2502160033/DP8480014356TR_L01_67_2.fq.gz,/Files/RawData/Y00788L4.barcodeToPos.h5,,,,16,cell,0,25,25,10,FALSE,FALSE,human,human,pbmc
Y00788L4-1,Y00788L4,/jdfsms2/CNGB_DATA/BGISEQ01/DIPSEQ/DIPSEQT1/P24Z31300N0041_Temp/Y00788L4-1/250227_62_DP8480014356TR_L01_SP2502160031~SP2502160032~SP2502160033/DP8480014356TR_L01_69_1.fq.gz,/jdfsms2/CNGB_DATA/BGISEQ01/DIPSEQ/DIPSEQT1/P24Z31300N0041_Temp/Y00788L4-1/250227_62_DP8480014356TR_L01_SP2502160031~SP2502160032~SP2502160033/DP8480014356TR_L01_69_2.fq.gz,/Files/RawData/Y00788L4.barcodeToPos.h5,,,,16,cell,0,25,25,10,FALSE,FALSE,human,human,pbmc
Y00788L4-1,Y00788L4,/jdfsms2/CNGB_DATA/BGISEQ01/DIPSEQ/DIPSEQT1/P24Z31300N0041_Temp/Y00788L4-1/250227_62_DP8480014356TR_L01_SP2502160031~SP2502160032~SP2502160033/DP8480014356TR_L01_70_1.fq.gz,/jdfsms2/CNGB_DATA/BGISEQ01/DIPSEQ/DIPSEQT1/P24Z31300N0041_Temp/Y00788L4-1/250227_62_DP8480014356TR_L01_SP2502160031~SP2502160032~SP2502160033/DP8480014356TR_L01_70_2.fq.gz,/Files/RawData/Y00788L4.barcodeToPos.h5,,,,16,cell,0,25,25,10,FALSE,FALSE,human,human,pbmc
Y00788L4-1,Y00788L4,/jdfsms2/CNGB_DATA/BGISEQ01/DIPSEQ/DIPSEQT1/P24Z31300N0041_Temp/Y00788L4-1/250227_62_DP8480014356TR_L01_SP2502160031~SP2502160032~SP2502160033/DP8480014356TR_L01_71_1.fq.gz,/jdfsms2/CNGB_DATA/BGISEQ01/DIPSEQ/DIPSEQT1/P24Z31300N0041_Temp/Y00788L4-1/250227_62_DP8480014356TR_L01_SP2502160031~SP2502160032~SP2502160033/DP8480014356TR_L01_71_2.fq.gz,/Files/RawData/Y00788L4.barcodeToPos.h5,,,,16,cell,0,25,25,10,FALSE,FALSE,human,human,pbmc
Y00788L4-1,Y00788L4,/jdfsms2/CNGB_DATA/BGISEQ01/DIPSEQ/DIPSEQT1/P24Z31300N0041_Temp/Y00788L4-1/250227_62_DP8480014356TR_L01_SP2502160031~SP2502160032~SP2502160033/DP8480014356TR_L01_72_1.fq.gz,/jdfsms2/CNGB_DATA/BGISEQ01/DIPSEQ/DIPSEQT1/P24Z31300N0041_Temp/Y00788L4-1/250227_62_DP8480014356TR_L01_SP2502160031~SP2502160032~SP2502160033/DP8480014356TR_L01_72_2.fq.gz,/Files/RawData/Y00788L4.barcodeToPos.h5,,,,16,cell,0,25,25,10,FALSE,FALSE,human,human,pbmc
Y00788L4-2,Y00788L4,/jdfsms2/CNGB_DATA/BGISEQ01/DIPSEQ/DIPSEQT1/P24Z31300N0041_Temp/Y00788L4-2/250227_63_DP8480014355TR_L01_SP2502160034~SP2502160035~SP2502160036/DP8480014355TR_L01_73_1.fq.gz,/jdfsms2/CNGB_DATA/BGISEQ01/DIPSEQ/DIPSEQT1/P24Z31300N0041_Temp/Y00788L4-2/250227_63_DP8480014355TR_L01_SP2502160034~SP2502160035~SP2502160036/DP8480014355TR_L01_73_2.fq.gz,/Files/RawData/Y00788L4.barcodeToPos.h5,,,,16,cell,0,25,25,10,FALSE,FALSE,human,human,pbmc
Y00788L4-2,Y00788L4,/jdfsms2/CNGB_DATA/BGISEQ01/DIPSEQ/DIPSEQT1/P24Z31300N0041_Temp/Y00788L4-2/250227_63_DP8480014355TR_L01_SP2502160034~SP2502160035~SP2502160036/DP8480014355TR_L01_74_1.fq.gz,/jdfsms2/CNGB_DATA/BGISEQ01/DIPSEQ/DIPSEQT1/P24Z31300N0041_Temp/Y00788L4-2/250227_63_DP8480014355TR_L01_SP2502160034~SP2502160035~SP2502160036/DP8480014355TR_L01_74_2.fq.gz,/Files/RawData/Y00788L4.barcodeToPos.h5,,,,16,cell,0,25,25,10,FALSE,FALSE,human,human,pbmc
Y00788L4-2,Y00788L4,/jdfsms2/CNGB_DATA/BGISEQ01/DIPSEQ/DIPSEQT1/P24Z31300N0041_Temp/Y00788L4-2/250227_63_DP8480014355TR_L01_SP2502160034~SP2502160035~SP2502160036/DP8480014355TR_L01_75_1.fq.gz,/jdfsms2/CNGB_DATA/BGISEQ01/DIPSEQ/DIPSEQT1/P24Z31300N0041_Temp/Y00788L4-2/250227_63_DP8480014355TR_L01_SP2502160034~SP2502160035~SP2502160036/DP8480014355TR_L01_75_2.fq.gz,/Files/RawData/Y00788L4.barcodeToPos.h5,,,,16,cell,0,25,25,10,FALSE,FALSE,human,human,pbmc
Y00788L4-2,Y00788L4,/jdfsms2/CNGB_DATA/BGISEQ01/DIPSEQ/DIPSEQT1/P24Z31300N0041_Temp/Y00788L4-2/250227_63_DP8480014355TR_L01_SP2502160034~SP2502160035~SP2502160036/DP8480014355TR_L01_76_1.fq.gz,/jdfsms2/CNGB_DATA/BGISEQ01/DIPSEQ/DIPSEQT1/P24Z31300N0041_Temp/Y00788L4-2/250227_63_DP8480014355TR_L01_SP2502160034~SP2502160035~SP2502160036/DP8480014355TR_L01_76_2.fq.gz,/Files/RawData/Y00788L4.barcodeToPos.h5,,,,16,cell,0,25,25,10,FALSE,FALSE,human,human,pbmc
Y00788L4-2,Y00788L4,/jdfsms2/CNGB_DATA/BGISEQ01/DIPSEQ/DIPSEQT1/P24Z31300N0041_Temp/Y00788L4-2/250227_63_DP8480014355TR_L01_SP2502160034~SP2502160035~SP2502160036/DP8480014355TR_L01_77_1.fq.gz,/jdfsms2/CNGB_DATA/BGISEQ01/DIPSEQ/DIPSEQT1/P24Z31300N0041_Temp/Y00788L4-2/250227_63_DP8480014355TR_L01_SP2502160034~SP2502160035~SP2502160036/DP8480014355TR_L01_77_2.fq.gz,/Files/RawData/Y00788L4.barcodeToPos.h5,,,,16,cell,0,25,25,10,FALSE,FALSE,human,human,pbmc
Y00788L4-2,Y00788L4,/jdfsms2/CNGB_DATA/BGISEQ01/DIPSEQ/DIPSEQT1/P24Z31300N0041_Temp/Y00788L4-2/250227_63_DP8480014355TR_L01_SP2502160034~SP2502160035~SP2502160036/DP8480014355TR_L01_78_1.fq.gz,/jdfsms2/CNGB_DATA/BGISEQ01/DIPSEQ/DIPSEQT1/P24Z31300N0041_Temp/Y00788L4-2/250227_63_DP8480014355TR_L01_SP2502160034~SP2502160035~SP2502160036/DP8480014355TR_L01_78_2.fq.gz,/Files/RawData/Y00788L4.barcodeToPos.h5,,,,16,cell,0,25,25,10,FALSE,FALSE,human,human,pbmc
Y00788L4-2,Y00788L4,/jdfsms2/CNGB_DATA/BGISEQ01/DIPSEQ/DIPSEQT1/P24Z31300N0041_Temp/Y00788L4-2/250227_63_DP8480014355TR_L01_SP2502160034~SP2502160035~SP2502160036/DP8480014355TR_L01_79_1.fq.gz,/jdfsms2/CNGB_DATA/BGISEQ01/DIPSEQ/DIPSEQT1/P24Z31300N0041_Temp/Y00788L4-2/250227_63_DP8480014355TR_L01_SP2502160034~SP2502160035~SP2502160036/DP8480014355TR_L01_79_2.fq.gz,/Files/RawData/Y00788L4.barcodeToPos.h5,,,,16,cell,0,25,25,10,FALSE,FALSE,human,human,pbmc
Y00788L4-2,Y00788L4,/jdfsms2/CNGB_DATA/BGISEQ01/DIPSEQ/DIPSEQT1/P24Z31300N0041_Temp/Y00788L4-2/250227_63_DP8480014355TR_L01_SP2502160034~SP2502160035~SP2502160036/DP8480014355TR_L01_80_1.fq.gz,/jdfsms2/CNGB_DATA/BGISEQ01/DIPSEQ/DIPSEQT1/P24Z31300N0041_Temp/Y00788L4-2/250227_63_DP8480014355TR_L01_SP2502160034~SP2502160035~SP2502160036/DP8480014355TR_L01_80_2.fq.gz,/Files/RawData/Y00788L4.barcodeToPos.h5,,,,16,cell,0,25,25,10,FALSE,FALSE,human,human,pbmc
