Host	Virus	HostTaxID	VirusTaxID	HostNCBIResolved	VirusNCBIResolved	ICTVRatified	HostGenus	HostFamily	HostOrder	HostClass	HostOriginal	VirusGenus	VirusFamily	VirusOrder	VirusClass	VirusOriginal	HostFlagID	DetectionMethod	DetectionOriginal	Database	DatabaseVersion	PublicationYear	ReferenceText	PMID	ReleaseYear	ReleaseMonth	ReleaseDay	CollectionYear	CollectionMonth	CollectionDay	AssocID	DatabaseDOI	NCBIAccession
	coronavirus hku15	9821	1965089	TRUE	TRUE	TRUE		suidae	artiodactyla	mammalia	Suidae	deltacoronavirus	coronaviridae	nidovirales	pisoniviricetes	Coronavirus HKU15	FALSE	PCR/Sequencing	GenBank	GenBank	Aug2021FlatFile				2015	12	20	2014	8	3			KT313667.1, KT313668.1, KT313669.1, KT313670.1, KT313671.1, KT313679.1, KT313680.1, KT313681.1, KT313682.1, KT313683.1
	deltacoronavirus sp.	8976	1911231	TRUE	TRUE	FALSE			galliformes	aves	Galliformes	deltacoronavirus	coronaviridae	nidovirales	pisoniviricetes	Deltacoronavirus sp.	FALSE	PCR/Sequencing	GenBank	GenBank	Aug2021FlatFile				2016	10	25	2013					KU956099.1, KU956100.1, KU956101.1, KU956102.1
	falcon coronavirus uae-hku27	8952	2078576	TRUE	TRUE	FALSE	falco	falconidae	falconiformes	aves	Falco	deltacoronavirus	coronaviridae	nidovirales	pisoniviricetes	Falcon coronavirus UAE-HKU27	FALSE	PCR/Sequencing	GenBank	GenBank	Aug2021FlatFile				2018	5	8	2013	12	5			LC364342.1
	houbara coronavirus uae-hku28	172679	2078577	TRUE	TRUE	FALSE	chlamydotis	otididae	gruiformes	aves	Chlamydotis	deltacoronavirus	coronaviridae	nidovirales	pisoniviricetes	Houbara coronavirus UAE-HKU28	FALSE	PCR/Sequencing	GenBank	GenBank	Aug2021FlatFile				2018	5	8	2013	4	7			LC364343.1
	magpie-robin coronavirus hku18	36291	1159903	TRUE	TRUE	FALSE		muscicapidae	passeriformes	aves	Muscicapidae	deltacoronavirus	coronaviridae	nidovirales	pisoniviricetes	Magpie-robin coronavirus HKU18	FALSE	PCR/Sequencing	GenBank	GenBank	Aug2021FlatFile				2012	3	19	2007					JQ065046.1
	magpie-robin coronavirus hku18	36291	1159903	TRUE	TRUE	FALSE		muscicapidae	passeriformes	aves	Muscicapidae	deltacoronavirus	coronaviridae	nidovirales	pisoniviricetes	Magpie-robin coronavirus HKU18	FALSE	PCR/Sequencing	GenBank	GenBank	Aug2021FlatFile				2012	3	30	2007					NC_016993.1
	night heron coronavirus hku19	8899	1159904	TRUE	TRUE	TRUE		ardeidae	pelecaniformes	aves	Ardeidae	deltacoronavirus	coronaviridae	nidovirales	pisoniviricetes	Night heron coronavirus HKU19	FALSE	PCR/Sequencing	GenBank	GenBank	Aug2021FlatFile				2012	3	19	2007					JQ065047.1
	night heron coronavirus hku19	8899	1159904	TRUE	TRUE	TRUE		ardeidae	pelecaniformes	aves	Ardeidae	deltacoronavirus	coronaviridae	nidovirales	pisoniviricetes	Night heron coronavirus HKU19	FALSE	PCR/Sequencing	GenBank	GenBank	Aug2021FlatFile				2012	3	30	2007					NC_016994.1
	pigeon coronavirus uae-hku29	8930	2078583	TRUE	TRUE	FALSE		columbidae	columbiformes	aves	Columbidae	deltacoronavirus	coronaviridae	nidovirales	pisoniviricetes	Pigeon coronavirus UAE-HKU29	FALSE	PCR/Sequencing	GenBank	GenBank	Aug2021FlatFile				2018	5	8	2017	3	28			LC364344.1
	quail coronavirus uae-hku30	8976	2078581	TRUE	TRUE	FALSE			galliformes	aves	Galliformes	deltacoronavirus	coronaviridae	nidovirales	pisoniviricetes	Quail coronavirus UAE-HKU30	FALSE	PCR/Sequencing	GenBank	GenBank	Aug2021FlatFile				2018	5	8	2013	6	23			LC364345.1
	quail coronavirus uae-hku30	8976	2078581	TRUE	TRUE	FALSE			galliformes	aves	Galliformes	deltacoronavirus	coronaviridae	nidovirales	pisoniviricetes	Quail coronavirus UAE-HKU30	FALSE	PCR/Sequencing	GenBank	GenBank	Aug2021FlatFile				2018	5	8	2014	2	19			LC364346.1
	sparrow coronavirus hku17	9158	1159906	TRUE	TRUE	FALSE		passeridae	passeriformes	aves	Passeridae	deltacoronavirus	coronaviridae	nidovirales	pisoniviricetes	Sparrow coronavirus HKU17	FALSE	PCR/Sequencing	GenBank	GenBank	Aug2021FlatFile				2012	3	19	2007					JQ065045.1
	sparrow coronavirus hku17	9158	1159906	TRUE	TRUE	FALSE		passeridae	passeriformes	aves	Passeridae	deltacoronavirus	coronaviridae	nidovirales	pisoniviricetes	Sparrow coronavirus HKU17	FALSE	PCR/Sequencing	GenBank	GenBank	Aug2021FlatFile				2012	3	30	2007					NC_016992.1
	sparrow deltacoronavirus	9158	2219863	TRUE	TRUE	FALSE		passeridae	passeriformes	aves	Passeridae	deltacoronavirus	coronaviridae	nidovirales	pisoniviricetes	Sparrow deltacoronavirus	FALSE	PCR/Sequencing	GenBank	GenBank	Aug2021FlatFile				2018	6	24	2017					MG812375.1, MG812376.1, MG812377.1, MG812378.1
	white-eye coronavirus hku16	36297	1159907	TRUE	TRUE	TRUE		zosteropidae	passeriformes	aves	Zosteropidae	deltacoronavirus	coronaviridae	nidovirales	pisoniviricetes	White-eye coronavirus HKU16	FALSE	PCR/Sequencing	GenBank	GenBank	Aug2021FlatFile				2012	3	19	2007					JQ065044.1
	white-eye coronavirus hku16	36297	1159907	TRUE	TRUE	TRUE		zosteropidae	passeriformes	aves	Zosteropidae	deltacoronavirus	coronaviridae	nidovirales	pisoniviricetes	White-eye coronavirus HKU16	FALSE	PCR/Sequencing	GenBank	GenBank	Aug2021FlatFile				2012	3	30	2007					NC_016991.1
	wigeon coronavirus hku20	1526411	1159908	TRUE	TRUE	TRUE	mareca	anatidae	anseriformes	aves	Mareca	deltacoronavirus	coronaviridae	nidovirales	pisoniviricetes	Wigeon coronavirus HKU20	FALSE	PCR/Sequencing	GenBank	GenBank	Aug2021FlatFile				2012	3	19	2008					JQ065048.1
	wigeon coronavirus hku20	1526411	1159908	TRUE	TRUE	TRUE	mareca	anatidae	anseriformes	aves	Mareca	deltacoronavirus	coronaviridae	nidovirales	pisoniviricetes	Wigeon coronavirus HKU20	FALSE	PCR/Sequencing	GenBank	GenBank	Aug2021FlatFile				2012	3	30	2008					NC_016995.1
amazona vinacea	deltacoronavirus b04	244084	1697926	TRUE	TRUE	FALSE	amazona	psittacidae	psittaciformes	aves	Amazona vinacea	deltacoronavirus	coronaviridae	nidovirales	pisoniviricetes	Deltacoronavirus B04	FALSE	PCR/Sequencing	GenBank	GenBank	Aug2021FlatFile				2015	8	10	2009					KP965434.1
anas superciliosa	deltacoronavirus sp.	45632	1911231	TRUE	TRUE	FALSE	anas	anatidae	anseriformes	aves	Anas superciliosa	deltacoronavirus	coronaviridae	nidovirales	pisoniviricetes	Deltacoronavirus sp.	FALSE	PCR/Sequencing	GenBank	GenBank	Aug2021FlatFile				2018	6	11	2016	12				MH013331.1, MH013332.1, MH013333.1, MH013334.1, MH013335.1, MH013336.1, MH013337.1, MH013338.1, MH013339.1
anser cygnoides	anser cygnoides coronavirus	8845	1934040	TRUE	TRUE	FALSE	anser	anatidae	anseriformes	aves	Anser cygnoides	deltacoronavirus	coronaviridae	nidovirales	pisoniviricetes	Anser cygnoides coronavirus	FALSE	PCR/Sequencing	GenBank	GenBank	Aug2021FlatFile				2018	1	31	2013	6	25			KU321643.1, KU321644.1, KU321645.1
arenaria interpres	deltacoronavirus sp.	54971	1911231	TRUE	TRUE	FALSE	arenaria	scolopacidae	charadriiformes	aves	Arenaria interpres	deltacoronavirus	coronaviridae	nidovirales	pisoniviricetes	Deltacoronavirus sp.	FALSE	PCR/Sequencing	GenBank	GenBank	Aug2021FlatFile				2018	4	13	2016	11	18			MH090081.1
arenaria interpres	shorebird deltacoronavirus	54971	2776968	TRUE	TRUE	FALSE	arenaria	scolopacidae	charadriiformes	aves	Arenaria interpres	deltacoronavirus	coronaviridae	nidovirales	pisoniviricetes	Shorebird deltacoronavirus	FALSE	PCR/Sequencing	GenBank	GenBank	Aug2021FlatFile				2021	7	14	2014					MT993565.1
brotogeris tirica	deltacoronavirus b07	671078	1697925	TRUE	TRUE	FALSE	brotogeris	psittacidae	psittaciformes	aves	Brotogeris tirica	deltacoronavirus	coronaviridae	nidovirales	pisoniviricetes	Deltacoronavirus B07	FALSE	PCR/Sequencing	GenBank	GenBank	Aug2021FlatFile				2015	8	10	2009					KP965432.1
calidris acuminata	avian coronavirus mw05	192723	2724194	TRUE	TRUE	FALSE	calidris	scolopacidae	charadriiformes	aves	Calidris acuminata	deltacoronavirus	coronaviridae	nidovirales	pisoniviricetes	Avian coronavirus MW05	FALSE	PCR/Sequencing	GenBank	GenBank	Aug2021FlatFile				2019	8	11	2012					MK204388.1
coturnix coturnix	deltacoronavirus sp.	9091	1911231	TRUE	TRUE	FALSE	coturnix	phasianidae	galliformes	aves	Coturnix coturnix	deltacoronavirus	coronaviridae	nidovirales	pisoniviricetes	Deltacoronavirus sp.	FALSE	PCR/Sequencing	GenBank	GenBank	Aug2021FlatFile				2016	10	25	2015					KX077965.1, KX077966.1, KX077967.1, KX077968.1, KX077969.1, KX077970.1, KX077971.1, KX077972.1
coturnix japonica	quail deltacoronavirus	93934	2249315	TRUE	TRUE	FALSE	coturnix	phasianidae	galliformes	aves	Coturnix japonica	deltacoronavirus	coronaviridae	nidovirales	pisoniviricetes	Quail deltacoronavirus	FALSE	PCR/Sequencing	GenBank	GenBank	Aug2021FlatFile				2018	8	26	2015	3	3			MH532440.1
gallinula chloropus	common moorhen coronavirus hku21	9123	1159902	TRUE	TRUE	TRUE	gallinula	rallidae	gruiformes	aves	Gallinula chloropus	deltacoronavirus	coronaviridae	nidovirales	pisoniviricetes	Common moorhen coronavirus HKU21	FALSE	PCR/Sequencing	GenBank	GenBank	Aug2021FlatFile				2012	3	19	2007					JQ065049.1
gallinula chloropus	common moorhen coronavirus hku21	9123	1159902	TRUE	TRUE	TRUE	gallinula	rallidae	gruiformes	aves	Gallinula chloropus	deltacoronavirus	coronaviridae	nidovirales	pisoniviricetes	Common moorhen coronavirus HKU21	FALSE	PCR/Sequencing	GenBank	GenBank	Aug2021FlatFile				2012	3	30	2007					NC_016996.1
gallus gallus	coronavirus hku15	9031	1965089	TRUE	TRUE	TRUE	gallus	phasianidae	galliformes	aves	Gallus gallus	deltacoronavirus	coronaviridae	nidovirales	pisoniviricetes	Coronavirus HKU15	FALSE	PCR/Sequencing	GenBank	GenBank	Aug2021FlatFile				2019	1	18	2018	6	13			MK248485.1
homo sapiens	coronavirus hku15	9606	1965089	TRUE	TRUE	TRUE	homo	hominidae	primates	mammalia	Homo sapiens	deltacoronavirus	coronaviridae	nidovirales	pisoniviricetes	Coronavirus HKU15	FALSE	PCR/Sequencing	GenBank	GenBank	Aug2021FlatFile				2021	6	9	2014	12	15			MW685622.1
homo sapiens	coronavirus hku15	9606	1965089	TRUE	TRUE	TRUE	homo	hominidae	primates	mammalia	Homo sapiens	deltacoronavirus	coronaviridae	nidovirales	pisoniviricetes	Coronavirus HKU15	FALSE	PCR/Sequencing	GenBank	GenBank	Aug2021FlatFile				2021	6	9	2015	3	16			MW685623.1
homo sapiens	coronavirus hku15	9606	1965089	TRUE	TRUE	TRUE	homo	hominidae	primates	mammalia	Homo sapiens	deltacoronavirus	coronaviridae	nidovirales	pisoniviricetes	Coronavirus HKU15	FALSE	PCR/Sequencing	GenBank	GenBank	Aug2021FlatFile				2021	6	9	2015	4	13			MW685624.1
lonchura striata	munia coronavirus hku13	40157	1297661	TRUE	TRUE	TRUE	lonchura	estrildidae	passeriformes	aves	Lonchura striata	deltacoronavirus	coronaviridae	nidovirales	pisoniviricetes	Munia coronavirus HKU13	FALSE	PCR/Sequencing	GenBank	GenBank	Aug2021FlatFile				2008	11	13	2007	4				NC_011550.1
lonchura striata	munia coronavirus hku13	40157	1297661	TRUE	TRUE	TRUE	lonchura	estrildidae	passeriformes	aves	Lonchura striata	deltacoronavirus	coronaviridae	nidovirales	pisoniviricetes	Munia coronavirus HKU13	FALSE	PCR/Sequencing	GenBank	GenBank	Aug2021FlatFile				2008	11	7	2007	4				FJ376622.1
onychostruthus taczanowskii	montifringilla taczanowskii coronavirus hm	356909	2794341	TRUE	TRUE	FALSE	onychostruthus	passeridae	passeriformes	aves	Onychostruthus taczanowskii	deltacoronavirus	coronaviridae	nidovirales	pisoniviricetes	Montifringilla taczanowskii coronavirus HM	FALSE	PCR/Sequencing	GenBank	GenBank	Aug2021FlatFile				2020	12	12	2019	7				MT215337.1
onychostruthus taczanowskii	montifringilla taczanowskii coronavirus n	356909	2794340	TRUE	TRUE	FALSE	onychostruthus	passeridae	passeriformes	aves	Onychostruthus taczanowskii	deltacoronavirus	coronaviridae	nidovirales	pisoniviricetes	Montifringilla taczanowskii coronavirus N	FALSE	PCR/Sequencing	GenBank	GenBank	Aug2021FlatFile				2020	12	12	2019	7				MT215336.1
pica pica	deltacoronavirus hnu1-1	34924	2814911	TRUE	TRUE	FALSE	pica	corvidae	passeriformes	aves	Pica pica	deltacoronavirus	coronaviridae	nidovirales	pisoniviricetes	Deltacoronavirus HNU1-1	FALSE	PCR/Sequencing	GenBank	GenBank	Aug2021FlatFile				2021	3	3	2018	6				MW345814.1
pica pica	deltacoronavirus hnu1-2	34924	2814912	TRUE	TRUE	FALSE	pica	corvidae	passeriformes	aves	Pica pica	deltacoronavirus	coronaviridae	nidovirales	pisoniviricetes	Deltacoronavirus HNU1-2	FALSE	PCR/Sequencing	GenBank	GenBank	Aug2021FlatFile				2021	3	3	2018	6				MW345815.1
pica pica	deltacoronavirus hnu2	34924	2814914	TRUE	TRUE	FALSE	pica	corvidae	passeriformes	aves	Pica pica	deltacoronavirus	coronaviridae	nidovirales	pisoniviricetes	Deltacoronavirus HNU2	FALSE	PCR/Sequencing	GenBank	GenBank	Aug2021FlatFile				2021	3	3	2018	6				MW349841.1
pica pica	deltacoronavirus hnu3	34924	2814913	TRUE	TRUE	FALSE	pica	corvidae	passeriformes	aves	Pica pica	deltacoronavirus	coronaviridae	nidovirales	pisoniviricetes	Deltacoronavirus HNU3	FALSE	PCR/Sequencing	GenBank	GenBank	Aug2021FlatFile				2021	3	3	2018	6				MW345816.1
pica pica	deltacoronavirus sp.	34924	1911231	TRUE	TRUE	FALSE	pica	corvidae	passeriformes	aves	Pica pica	deltacoronavirus	coronaviridae	nidovirales	pisoniviricetes	Deltacoronavirus sp.	FALSE	PCR/Sequencing	GenBank	GenBank	Aug2021FlatFile				2021	3	24	2018	6				MW345810.1, MW345811.1, MW345812.1, MW345813.1
pycnonotus jocosus	bulbul coronavirus hku11	182897	574549	TRUE	TRUE	TRUE	pycnonotus	pycnonotidae	passeriformes	aves	Pycnonotus jocosus	deltacoronavirus	coronaviridae	nidovirales	pisoniviricetes	Bulbul coronavirus HKU11	FALSE	PCR/Sequencing	GenBank	GenBank	Aug2021FlatFile				2008	11	7	2007	1				FJ376619.2
pycnonotus jocosus	bulbul coronavirus hku11	182897	574549	TRUE	TRUE	TRUE	pycnonotus	pycnonotidae	passeriformes	aves	Pycnonotus jocosus	deltacoronavirus	coronaviridae	nidovirales	pisoniviricetes	Bulbul coronavirus HKU11	FALSE	PCR/Sequencing	GenBank	GenBank	Aug2021FlatFile				2018	8	24	2007	1				NC_011547.1
pycnonotus sinensis	bulbul coronavirus hku11	125283	574549	TRUE	TRUE	TRUE	pycnonotus	pycnonotidae	passeriformes	aves	Pycnonotus sinensis	deltacoronavirus	coronaviridae	nidovirales	pisoniviricetes	Bulbul coronavirus HKU11	FALSE	PCR/Sequencing	GenBank	GenBank	Aug2021FlatFile				2008	11	7	2007	1				FJ376620.1
pygoscelis papua	gentoo penguin virus	30457	2707191	TRUE	TRUE	FALSE	pygoscelis	spheniscidae	sphenisciformes	aves	Pygoscelis papua	deltacoronavirus	coronaviridae	nidovirales	pisoniviricetes	Gentoo penguin virus	FALSE	PCR/Sequencing	GenBank	GenBank	Aug2021FlatFile				2020	4	6	2014					MT025058.1
rynchops niger	rynchops niger coronavirus	227184	1934038	TRUE	TRUE	FALSE	rynchops	laridae	charadriiformes	aves	Rynchops niger	deltacoronavirus	coronaviridae	nidovirales	pisoniviricetes	Rynchops niger coronavirus	FALSE	PCR/Sequencing	GenBank	GenBank	Aug2021FlatFile				2018	1	31	2009	11	19			KU321641.1
spatula discors	deltacoronavirus sp.	75842	1911231	TRUE	TRUE	FALSE	spatula	anatidae	anseriformes	aves	Spatula discors	deltacoronavirus	coronaviridae	nidovirales	pisoniviricetes	Deltacoronavirus sp.	FALSE	PCR/Sequencing	GenBank	GenBank	Aug2021FlatFile				2019	10	9	2017					MN379902.1, MN379903.1, MN379904.1
sus scrofa	coronavirus hku15	9823	1965089	TRUE	TRUE	TRUE	sus	suidae	artiodactyla	mammalia	Sus scrofa	deltacoronavirus	coronaviridae	nidovirales	pisoniviricetes	Coronavirus HKU15	FALSE	PCR/Sequencing	GenBank	GenBank	Aug2021FlatFile				2012	3	19	2009					JQ065042.2
sus scrofa	coronavirus hku15	9823	1965089	TRUE	TRUE	TRUE	sus	suidae	artiodactyla	mammalia	Sus scrofa	deltacoronavirus	coronaviridae	nidovirales	pisoniviricetes	Coronavirus HKU15	FALSE	PCR/Sequencing	GenBank	GenBank	Aug2021FlatFile				2012	3	19	2010					JQ065043.2
sus scrofa	coronavirus hku15	9823	1965089	TRUE	TRUE	TRUE	sus	suidae	artiodactyla	mammalia	Sus scrofa	deltacoronavirus	coronaviridae	nidovirales	pisoniviricetes	Coronavirus HKU15	FALSE	PCR/Sequencing	GenBank	GenBank	Aug2021FlatFile				2014	10	13	2014	4				KM820765.1
sus scrofa	coronavirus hku15	9823	1965089	TRUE	TRUE	TRUE	sus	suidae	artiodactyla	mammalia	Sus scrofa	deltacoronavirus	coronaviridae	nidovirales	pisoniviricetes	Coronavirus HKU15	FALSE	PCR/Sequencing	GenBank	GenBank	Aug2021FlatFile				2014	3	10	2014	1	4			KJ481931.1
sus scrofa	coronavirus hku15	9823	1965089	TRUE	TRUE	TRUE	sus	suidae	artiodactyla	mammalia	Sus scrofa	deltacoronavirus	coronaviridae	nidovirales	pisoniviricetes	Coronavirus HKU15	FALSE	PCR/Sequencing	GenBank	GenBank	Aug2021FlatFile				2014	3	24	2014	2	20			KJ567050.1
sus scrofa	coronavirus hku15	9823	1965089	TRUE	TRUE	TRUE	sus	suidae	artiodactyla	mammalia	Sus scrofa	deltacoronavirus	coronaviridae	nidovirales	pisoniviricetes	Coronavirus HKU15	FALSE	PCR/Sequencing	GenBank	GenBank	Aug2021FlatFile				2014	3	30	2014	1	31			KJ462462.1
sus scrofa	coronavirus hku15	9823	1965089	TRUE	TRUE	TRUE	sus	suidae	artiodactyla	mammalia	Sus scrofa	deltacoronavirus	coronaviridae	nidovirales	pisoniviricetes	Coronavirus HKU15	FALSE	PCR/Sequencing	GenBank	GenBank	Aug2021FlatFile				2014	3	30	2014	2	13			KJ569769.1
sus scrofa	coronavirus hku15	9823	1965089	TRUE	TRUE	TRUE	sus	suidae	artiodactyla	mammalia	Sus scrofa	deltacoronavirus	coronaviridae	nidovirales	pisoniviricetes	Coronavirus HKU15	FALSE	PCR/Sequencing	GenBank	GenBank	Aug2021FlatFile				2014	6	3	2014	2	12			KJ584355.1
sus scrofa	coronavirus hku15	9823	1965089	TRUE	TRUE	TRUE	sus	suidae	artiodactyla	mammalia	Sus scrofa	deltacoronavirus	coronaviridae	nidovirales	pisoniviricetes	Coronavirus HKU15	FALSE	PCR/Sequencing	GenBank	GenBank	Aug2021FlatFile				2014	6	3	2014	2	18			KJ584358.1, KJ584360.1
sus scrofa	coronavirus hku15	9823	1965089	TRUE	TRUE	TRUE	sus	suidae	artiodactyla	mammalia	Sus scrofa	deltacoronavirus	coronaviridae	nidovirales	pisoniviricetes	Coronavirus HKU15	FALSE	PCR/Sequencing	GenBank	GenBank	Aug2021FlatFile				2014	6	3	2014	2	20			KJ584356.1
sus scrofa	coronavirus hku15	9823	1965089	TRUE	TRUE	TRUE	sus	suidae	artiodactyla	mammalia	Sus scrofa	deltacoronavirus	coronaviridae	nidovirales	pisoniviricetes	Coronavirus HKU15	FALSE	PCR/Sequencing	GenBank	GenBank	Aug2021FlatFile				2014	6	3	2014	2	21			KJ584359.1
sus scrofa	coronavirus hku15	9823	1965089	TRUE	TRUE	TRUE	sus	suidae	artiodactyla	mammalia	Sus scrofa	deltacoronavirus	coronaviridae	nidovirales	pisoniviricetes	Coronavirus HKU15	FALSE	PCR/Sequencing	GenBank	GenBank	Aug2021FlatFile				2014	6	3	2014	3	7			KJ584357.1
sus scrofa	coronavirus hku15	9823	1965089	TRUE	TRUE	TRUE	sus	suidae	artiodactyla	mammalia	Sus scrofa	deltacoronavirus	coronaviridae	nidovirales	pisoniviricetes	Coronavirus HKU15	FALSE	PCR/Sequencing	GenBank	GenBank	Aug2021FlatFile				2014	6	7	2014	3	18			KJ620016.1
sus scrofa	coronavirus hku15	9823	1965089	TRUE	TRUE	TRUE	sus	suidae	artiodactyla	mammalia	Sus scrofa	deltacoronavirus	coronaviridae	nidovirales	pisoniviricetes	Coronavirus HKU15	FALSE	PCR/Sequencing	GenBank	GenBank	Aug2021FlatFile				2014	8	1	2014	1	11			KJ601779.1
sus scrofa	coronavirus hku15	9823	1965089	TRUE	TRUE	TRUE	sus	suidae	artiodactyla	mammalia	Sus scrofa	deltacoronavirus	coronaviridae	nidovirales	pisoniviricetes	Coronavirus HKU15	FALSE	PCR/Sequencing	GenBank	GenBank	Aug2021FlatFile				2014	8	1	2014	1	26			KJ601780.1
sus scrofa	coronavirus hku15	9823	1965089	TRUE	TRUE	TRUE	sus	suidae	artiodactyla	mammalia	Sus scrofa	deltacoronavirus	coronaviridae	nidovirales	pisoniviricetes	Coronavirus HKU15	FALSE	PCR/Sequencing	GenBank	GenBank	Aug2021FlatFile				2014	8	1	2014	1	8			KJ601777.1, KJ601778.1
sus scrofa	coronavirus hku15	9823	1965089	TRUE	TRUE	TRUE	sus	suidae	artiodactyla	mammalia	Sus scrofa	deltacoronavirus	coronaviridae	nidovirales	pisoniviricetes	Coronavirus HKU15	FALSE	PCR/Sequencing	GenBank	GenBank	Aug2021FlatFile				2014	8	2	2014	3	1			KJ769231.1
sus scrofa	coronavirus hku15	9823	1965089	TRUE	TRUE	TRUE	sus	suidae	artiodactyla	mammalia	Sus scrofa	deltacoronavirus	coronaviridae	nidovirales	pisoniviricetes	Coronavirus HKU15	FALSE	PCR/Sequencing	GenBank	GenBank	Aug2021FlatFile				2014	9	24	2014	3	17			KM012168.1
sus scrofa	coronavirus hku15	9823	1965089	TRUE	TRUE	TRUE	sus	suidae	artiodactyla	mammalia	Sus scrofa	deltacoronavirus	coronaviridae	nidovirales	pisoniviricetes	Coronavirus HKU15	FALSE	PCR/Sequencing	GenBank	GenBank	Aug2021FlatFile				2015	1	18	2014	2				KM613173.1
sus scrofa	coronavirus hku15	9823	1965089	TRUE	TRUE	TRUE	sus	suidae	artiodactyla	mammalia	Sus scrofa	deltacoronavirus	coronaviridae	nidovirales	pisoniviricetes	Coronavirus HKU15	FALSE	PCR/Sequencing	GenBank	GenBank	Aug2021FlatFile				2015	10	19	2014	5	7			KT381613.1
sus scrofa	coronavirus hku15	9823	1965089	TRUE	TRUE	TRUE	sus	suidae	artiodactyla	mammalia	Sus scrofa	deltacoronavirus	coronaviridae	nidovirales	pisoniviricetes	Coronavirus HKU15	FALSE	PCR/Sequencing	GenBank	GenBank	Aug2021FlatFile				2015	12	19	2014	11	24			KT336560.1
sus scrofa	coronavirus hku15	9823	1965089	TRUE	TRUE	TRUE	sus	suidae	artiodactyla	mammalia	Sus scrofa	deltacoronavirus	coronaviridae	nidovirales	pisoniviricetes	Coronavirus HKU15	FALSE	PCR/Sequencing	GenBank	GenBank	Aug2021FlatFile				2015	12	20	2014	1	10			KT313664.1, KT313676.1
sus scrofa	coronavirus hku15	9823	1965089	TRUE	TRUE	TRUE	sus	suidae	artiodactyla	mammalia	Sus scrofa	deltacoronavirus	coronaviridae	nidovirales	pisoniviricetes	Coronavirus HKU15	FALSE	PCR/Sequencing	GenBank	GenBank	Aug2021FlatFile				2015	12	20	2014	1	9			KT313674.1, KT313686.1
sus scrofa	coronavirus hku15	9823	1965089	TRUE	TRUE	TRUE	sus	suidae	artiodactyla	mammalia	Sus scrofa	deltacoronavirus	coronaviridae	nidovirales	pisoniviricetes	Coronavirus HKU15	FALSE	PCR/Sequencing	GenBank	GenBank	Aug2021FlatFile				2015	12	20	2014	12	30			KT313666.1, KT313678.1
sus scrofa	coronavirus hku15	9823	1965089	TRUE	TRUE	TRUE	sus	suidae	artiodactyla	mammalia	Sus scrofa	deltacoronavirus	coronaviridae	nidovirales	pisoniviricetes	Coronavirus HKU15	FALSE	PCR/Sequencing	GenBank	GenBank	Aug2021FlatFile				2015	12	20	2015	2	16			KT313663.1, KT313665.1, KT313675.1, KT313677.1
sus scrofa	coronavirus hku15	9823	1965089	TRUE	TRUE	TRUE	sus	suidae	artiodactyla	mammalia	Sus scrofa	deltacoronavirus	coronaviridae	nidovirales	pisoniviricetes	Coronavirus HKU15	FALSE	PCR/Sequencing	GenBank	GenBank	Aug2021FlatFile				2015	4	20	2004	5	24			KP757890.1
sus scrofa	coronavirus hku15	9823	1965089	TRUE	TRUE	TRUE	sus	suidae	artiodactyla	mammalia	Sus scrofa	deltacoronavirus	coronaviridae	nidovirales	pisoniviricetes	Coronavirus HKU15	FALSE	PCR/Sequencing	GenBank	GenBank	Aug2021FlatFile				2015	4	20	2014	12	20			KP757892.1
sus scrofa	coronavirus hku15	9823	1965089	TRUE	TRUE	TRUE	sus	suidae	artiodactyla	mammalia	Sus scrofa	deltacoronavirus	coronaviridae	nidovirales	pisoniviricetes	Coronavirus HKU15	FALSE	PCR/Sequencing	GenBank	GenBank	Aug2021FlatFile				2015	4	20	2014	12	26			KP757891.1
sus scrofa	coronavirus hku15	9823	1965089	TRUE	TRUE	TRUE	sus	suidae	artiodactyla	mammalia	Sus scrofa	deltacoronavirus	coronaviridae	nidovirales	pisoniviricetes	Coronavirus HKU15	FALSE	PCR/Sequencing	GenBank	GenBank	Aug2021FlatFile				2015	7	21	2012					KT266822.1
sus scrofa	coronavirus hku15	9823	1965089	TRUE	TRUE	TRUE	sus	suidae	artiodactyla	mammalia	Sus scrofa	deltacoronavirus	coronaviridae	nidovirales	pisoniviricetes	Coronavirus HKU15	FALSE	PCR/Sequencing	GenBank	GenBank	Aug2021FlatFile				2015	8	25	2015	3				KR131621.1
sus scrofa	coronavirus hku15	9823	1965089	TRUE	TRUE	TRUE	sus	suidae	artiodactyla	mammalia	Sus scrofa	deltacoronavirus	coronaviridae	nidovirales	pisoniviricetes	Coronavirus HKU15	FALSE	PCR/Sequencing	GenBank	GenBank	Aug2021FlatFile				2015	9	16	2015	3	20			KT021234.1
sus scrofa	coronavirus hku15	9823	1965089	TRUE	TRUE	TRUE	sus	suidae	artiodactyla	mammalia	Sus scrofa	deltacoronavirus	coronaviridae	nidovirales	pisoniviricetes	Coronavirus HKU15	FALSE	PCR/Sequencing	GenBank	GenBank	Aug2021FlatFile				2016	1	25	2015	7	1			KT371500.1, KT371501.1, KT371502.1, KT371503.1, KT371504.1, KT371505.1, KT371506.1, KT371507.1
sus scrofa	coronavirus hku15	9823	1965089	TRUE	TRUE	TRUE	sus	suidae	artiodactyla	mammalia	Sus scrofa	deltacoronavirus	coronaviridae	nidovirales	pisoniviricetes	Coronavirus HKU15	FALSE	PCR/Sequencing	GenBank	GenBank	Aug2021FlatFile				2016	10	30	2015	8				KX534090.1, KX534091.1
sus scrofa	coronavirus hku15	9823	1965089	TRUE	TRUE	TRUE	sus	suidae	artiodactyla	mammalia	Sus scrofa	deltacoronavirus	coronaviridae	nidovirales	pisoniviricetes	Coronavirus HKU15	FALSE	PCR/Sequencing	GenBank	GenBank	Aug2021FlatFile				2016	11	15	2015	12	10			KU870482.1, KU870488.1
sus scrofa	coronavirus hku15	9823	1965089	TRUE	TRUE	TRUE	sus	suidae	artiodactyla	mammalia	Sus scrofa	deltacoronavirus	coronaviridae	nidovirales	pisoniviricetes	Coronavirus HKU15	FALSE	PCR/Sequencing	GenBank	GenBank	Aug2021FlatFile				2016	11	15	2015	12	19			KU870483.1, KU870484.1, KU870489.1, KU870490.1
sus scrofa	coronavirus hku15	9823	1965089	TRUE	TRUE	TRUE	sus	suidae	artiodactyla	mammalia	Sus scrofa	deltacoronavirus	coronaviridae	nidovirales	pisoniviricetes	Coronavirus HKU15	FALSE	PCR/Sequencing	GenBank	GenBank	Aug2021FlatFile				2016	11	15	2015	12	3			KU870479.1, KU870485.1
sus scrofa	coronavirus hku15	9823	1965089	TRUE	TRUE	TRUE	sus	suidae	artiodactyla	mammalia	Sus scrofa	deltacoronavirus	coronaviridae	nidovirales	pisoniviricetes	Coronavirus HKU15	FALSE	PCR/Sequencing	GenBank	GenBank	Aug2021FlatFile				2016	11	15	2015	12	5			KU870481.1, KU870487.1
sus scrofa	coronavirus hku15	9823	1965089	TRUE	TRUE	TRUE	sus	suidae	artiodactyla	mammalia	Sus scrofa	deltacoronavirus	coronaviridae	nidovirales	pisoniviricetes	Coronavirus HKU15	FALSE	PCR/Sequencing	GenBank	GenBank	Aug2021FlatFile				2016	11	15	2016	1	26			KU870480.1, KU870486.1
sus scrofa	coronavirus hku15	9823	1965089	TRUE	TRUE	TRUE	sus	suidae	artiodactyla	mammalia	Sus scrofa	deltacoronavirus	coronaviridae	nidovirales	pisoniviricetes	Coronavirus HKU15	FALSE	PCR/Sequencing	GenBank	GenBank	Aug2021FlatFile				2016	12	7	2016					KY065120.1
sus scrofa	coronavirus hku15	9823	1965089	TRUE	TRUE	TRUE	sus	suidae	artiodactyla	mammalia	Sus scrofa	deltacoronavirus	coronaviridae	nidovirales	pisoniviricetes	Coronavirus HKU15	FALSE	PCR/Sequencing	GenBank	GenBank	Aug2021FlatFile				2016	2	29	2013	10	14			KR265853.1
sus scrofa	coronavirus hku15	9823	1965089	TRUE	TRUE	TRUE	sus	suidae	artiodactyla	mammalia	Sus scrofa	deltacoronavirus	coronaviridae	nidovirales	pisoniviricetes	Coronavirus HKU15	FALSE	PCR/Sequencing	GenBank	GenBank	Aug2021FlatFile				2016	2	29	2014	2	11			KR265859.1
sus scrofa	coronavirus hku15	9823	1965089	TRUE	TRUE	TRUE	sus	suidae	artiodactyla	mammalia	Sus scrofa	deltacoronavirus	coronaviridae	nidovirales	pisoniviricetes	Coronavirus HKU15	FALSE	PCR/Sequencing	GenBank	GenBank	Aug2021FlatFile				2016	2	29	2014	2	23			KR265856.1, KR265857.1
sus scrofa	coronavirus hku15	9823	1965089	TRUE	TRUE	TRUE	sus	suidae	artiodactyla	mammalia	Sus scrofa	deltacoronavirus	coronaviridae	nidovirales	pisoniviricetes	Coronavirus HKU15	FALSE	PCR/Sequencing	GenBank	GenBank	Aug2021FlatFile				2016	2	29	2014	2	5			KR265860.1, KR265861.1
sus scrofa	coronavirus hku15	9823	1965089	TRUE	TRUE	TRUE	sus	suidae	artiodactyla	mammalia	Sus scrofa	deltacoronavirus	coronaviridae	nidovirales	pisoniviricetes	Coronavirus HKU15	FALSE	PCR/Sequencing	GenBank	GenBank	Aug2021FlatFile				2016	2	29	2014	3	14			KR265848.1, KR265864.1
sus scrofa	coronavirus hku15	9823	1965089	TRUE	TRUE	TRUE	sus	suidae	artiodactyla	mammalia	Sus scrofa	deltacoronavirus	coronaviridae	nidovirales	pisoniviricetes	Coronavirus HKU15	FALSE	PCR/Sequencing	GenBank	GenBank	Aug2021FlatFile				2016	2	29	2014	3	26			KR265862.1
sus scrofa	coronavirus hku15	9823	1965089	TRUE	TRUE	TRUE	sus	suidae	artiodactyla	mammalia	Sus scrofa	deltacoronavirus	coronaviridae	nidovirales	pisoniviricetes	Coronavirus HKU15	FALSE	PCR/Sequencing	GenBank	GenBank	Aug2021FlatFile				2016	2	29	2014	3	27			KR265863.1
sus scrofa	coronavirus hku15	9823	1965089	TRUE	TRUE	TRUE	sus	suidae	artiodactyla	mammalia	Sus scrofa	deltacoronavirus	coronaviridae	nidovirales	pisoniviricetes	Coronavirus HKU15	FALSE	PCR/Sequencing	GenBank	GenBank	Aug2021FlatFile				2016	2	29	2014	3	6			KR265847.1
sus scrofa	coronavirus hku15	9823	1965089	TRUE	TRUE	TRUE	sus	suidae	artiodactyla	mammalia	Sus scrofa	deltacoronavirus	coronaviridae	nidovirales	pisoniviricetes	Coronavirus HKU15	FALSE	PCR/Sequencing	GenBank	GenBank	Aug2021FlatFile				2016	2	29	2014	4	2			KR265849.1, KR265850.1
sus scrofa	coronavirus hku15	9823	1965089	TRUE	TRUE	TRUE	sus	suidae	artiodactyla	mammalia	Sus scrofa	deltacoronavirus	coronaviridae	nidovirales	pisoniviricetes	Coronavirus HKU15	FALSE	PCR/Sequencing	GenBank	GenBank	Aug2021FlatFile				2016	2	29	2014	4	21			KR265852.1
sus scrofa	coronavirus hku15	9823	1965089	TRUE	TRUE	TRUE	sus	suidae	artiodactyla	mammalia	Sus scrofa	deltacoronavirus	coronaviridae	nidovirales	pisoniviricetes	Coronavirus HKU15	FALSE	PCR/Sequencing	GenBank	GenBank	Aug2021FlatFile				2016	2	29	2014	5	13			KR265851.1
sus scrofa	coronavirus hku15	9823	1965089	TRUE	TRUE	TRUE	sus	suidae	artiodactyla	mammalia	Sus scrofa	deltacoronavirus	coronaviridae	nidovirales	pisoniviricetes	Coronavirus HKU15	FALSE	PCR/Sequencing	GenBank	GenBank	Aug2021FlatFile				2016	2	29	2014	5	21			KR265854.1, KR265855.1
sus scrofa	coronavirus hku15	9823	1965089	TRUE	TRUE	TRUE	sus	suidae	artiodactyla	mammalia	Sus scrofa	deltacoronavirus	coronaviridae	nidovirales	pisoniviricetes	Coronavirus HKU15	FALSE	PCR/Sequencing	GenBank	GenBank	Aug2021FlatFile				2016	2	29	2014	5	6			KR265858.1
sus scrofa	coronavirus hku15	9823	1965089	TRUE	TRUE	TRUE	sus	suidae	artiodactyla	mammalia	Sus scrofa	deltacoronavirus	coronaviridae	nidovirales	pisoniviricetes	Coronavirus HKU15	FALSE	PCR/Sequencing	GenBank	GenBank	Aug2021FlatFile				2016	2	29	2014	6	5			KR265865.1
sus scrofa	coronavirus hku15	9823	1965089	TRUE	TRUE	TRUE	sus	suidae	artiodactyla	mammalia	Sus scrofa	deltacoronavirus	coronaviridae	nidovirales	pisoniviricetes	Coronavirus HKU15	FALSE	PCR/Sequencing	GenBank	GenBank	Aug2021FlatFile				2016	2	29	2015	3	24			KR150443.1
sus scrofa	coronavirus hku15	9823	1965089	TRUE	TRUE	TRUE	sus	suidae	artiodactyla	mammalia	Sus scrofa	deltacoronavirus	coronaviridae	nidovirales	pisoniviricetes	Coronavirus HKU15	FALSE	PCR/Sequencing	GenBank	GenBank	Aug2021FlatFile				2016	3	8	2012	12	2			KT823504.1, KT823505.1
sus scrofa	coronavirus hku15	9823	1965089	TRUE	TRUE	TRUE	sus	suidae	artiodactyla	mammalia	Sus scrofa	deltacoronavirus	coronaviridae	nidovirales	pisoniviricetes	Coronavirus HKU15	FALSE	PCR/Sequencing	GenBank	GenBank	Aug2021FlatFile				2016	3	8	2013	12	3			KT823502.1, KT823503.1
sus scrofa	coronavirus hku15	9823	1965089	TRUE	TRUE	TRUE	sus	suidae	artiodactyla	mammalia	Sus scrofa	deltacoronavirus	coronaviridae	nidovirales	pisoniviricetes	Coronavirus HKU15	FALSE	PCR/Sequencing	GenBank	GenBank	Aug2021FlatFile				2016	3	8	2014	4	1			KT823499.1, KT823500.1
sus scrofa	coronavirus hku15	9823	1965089	TRUE	TRUE	TRUE	sus	suidae	artiodactyla	mammalia	Sus scrofa	deltacoronavirus	coronaviridae	nidovirales	pisoniviricetes	Coronavirus HKU15	FALSE	PCR/Sequencing	GenBank	GenBank	Aug2021FlatFile				2016	3	8	2015	3	31			KT823498.1, KT823501.1
sus scrofa	coronavirus hku15	9823	1965089	TRUE	TRUE	TRUE	sus	suidae	artiodactyla	mammalia	Sus scrofa	deltacoronavirus	coronaviridae	nidovirales	pisoniviricetes	Coronavirus HKU15	FALSE	PCR/Sequencing	GenBank	GenBank	Aug2021FlatFile				2016	3	9	2015	6	10			KU051641.1, KU051642.1, KU051643.1
sus scrofa	coronavirus hku15	9823	1965089	TRUE	TRUE	TRUE	sus	suidae	artiodactyla	mammalia	Sus scrofa	deltacoronavirus	coronaviridae	nidovirales	pisoniviricetes	Coronavirus HKU15	FALSE	PCR/Sequencing	GenBank	GenBank	Aug2021FlatFile				2016	3	9	2015	6	30			KU051644.1, KU051645.1, KU051646.1, KU051647.1, KU051648.1, KU051649.1, KU051650.1, KU051651.1, KU051652.1
sus scrofa	coronavirus hku15	9823	1965089	TRUE	TRUE	TRUE	sus	suidae	artiodactyla	mammalia	Sus scrofa	deltacoronavirus	coronaviridae	nidovirales	pisoniviricetes	Coronavirus HKU15	FALSE	PCR/Sequencing	GenBank	GenBank	Aug2021FlatFile				2016	3	9	2015	7	13			KU051653.1, KU051654.1, KU051655.1, KU051656.1
sus scrofa	coronavirus hku15	9823	1965089	TRUE	TRUE	TRUE	sus	suidae	artiodactyla	mammalia	Sus scrofa	deltacoronavirus	coronaviridae	nidovirales	pisoniviricetes	Coronavirus HKU15	FALSE	PCR/Sequencing	GenBank	GenBank	Aug2021FlatFile				2016	4	12	2015	11				KU984334.1
sus scrofa	coronavirus hku15	9823	1965089	TRUE	TRUE	TRUE	sus	suidae	artiodactyla	mammalia	Sus scrofa	deltacoronavirus	coronaviridae	nidovirales	pisoniviricetes	Coronavirus HKU15	FALSE	PCR/Sequencing	GenBank	GenBank	Aug2021FlatFile				2016	4	30	2015	3	28			KR060082.1, KR060083.1, KR060084.1, KR060085.1
sus scrofa	coronavirus hku15	9823	1965089	TRUE	TRUE	TRUE	sus	suidae	artiodactyla	mammalia	Sus scrofa	deltacoronavirus	coronaviridae	nidovirales	pisoniviricetes	Coronavirus HKU15	FALSE	PCR/Sequencing	GenBank	GenBank	Aug2021FlatFile				2016	5	1	2015	2	16			KU981059.1
sus scrofa	coronavirus hku15	9823	1965089	TRUE	TRUE	TRUE	sus	suidae	artiodactyla	mammalia	Sus scrofa	deltacoronavirus	coronaviridae	nidovirales	pisoniviricetes	Coronavirus HKU15	FALSE	PCR/Sequencing	GenBank	GenBank	Aug2021FlatFile				2016	5	15	2015	7				KU204694.1, KU204695.1, KU204698.1, KU204699.1
sus scrofa	coronavirus hku15	9823	1965089	TRUE	TRUE	TRUE	sus	suidae	artiodactyla	mammalia	Sus scrofa	deltacoronavirus	coronaviridae	nidovirales	pisoniviricetes	Coronavirus HKU15	FALSE	PCR/Sequencing	GenBank	GenBank	Aug2021FlatFile				2016	5	15	2015	8				KU204696.1, KU204697.1, KU204700.1, KU204701.1
sus scrofa	coronavirus hku15	9823	1965089	TRUE	TRUE	TRUE	sus	suidae	artiodactyla	mammalia	Sus scrofa	deltacoronavirus	coronaviridae	nidovirales	pisoniviricetes	Coronavirus HKU15	FALSE	PCR/Sequencing	GenBank	GenBank	Aug2021FlatFile				2016	6	11	2015	10	15			KX022602.1
sus scrofa	coronavirus hku15	9823	1965089	TRUE	TRUE	TRUE	sus	suidae	artiodactyla	mammalia	Sus scrofa	deltacoronavirus	coronaviridae	nidovirales	pisoniviricetes	Coronavirus HKU15	FALSE	PCR/Sequencing	GenBank	GenBank	Aug2021FlatFile				2016	6	11	2015	11	27			KX022604.1
sus scrofa	coronavirus hku15	9823	1965089	TRUE	TRUE	TRUE	sus	suidae	artiodactyla	mammalia	Sus scrofa	deltacoronavirus	coronaviridae	nidovirales	pisoniviricetes	Coronavirus HKU15	FALSE	PCR/Sequencing	GenBank	GenBank	Aug2021FlatFile				2016	6	11	2015	12	18			KX022603.1
sus scrofa	coronavirus hku15	9823	1965089	TRUE	TRUE	TRUE	sus	suidae	artiodactyla	mammalia	Sus scrofa	deltacoronavirus	coronaviridae	nidovirales	pisoniviricetes	Coronavirus HKU15	FALSE	PCR/Sequencing	GenBank	GenBank	Aug2021FlatFile				2016	6	11	2015	12	21			KX022605.1
sus scrofa	coronavirus hku15	9823	1965089	TRUE	TRUE	TRUE	sus	suidae	artiodactyla	mammalia	Sus scrofa	deltacoronavirus	coronaviridae	nidovirales	pisoniviricetes	Coronavirus HKU15	FALSE	PCR/Sequencing	GenBank	GenBank	Aug2021FlatFile				2016	6	18	2015	6				KX083667.1
sus scrofa	coronavirus hku15	9823	1965089	TRUE	TRUE	TRUE	sus	suidae	artiodactyla	mammalia	Sus scrofa	deltacoronavirus	coronaviridae	nidovirales	pisoniviricetes	Coronavirus HKU15	FALSE	PCR/Sequencing	GenBank	GenBank	Aug2021FlatFile				2016	9	13	2016	1	20			KX118627.1
sus scrofa	coronavirus hku15	9823	1965089	TRUE	TRUE	TRUE	sus	suidae	artiodactyla	mammalia	Sus scrofa	deltacoronavirus	coronaviridae	nidovirales	pisoniviricetes	Coronavirus HKU15	FALSE	PCR/Sequencing	GenBank	GenBank	Aug2021FlatFile				2017	1	23	2016	4	8			KY129985.1, KY129986.1
sus scrofa	coronavirus hku15	9823	1965089	TRUE	TRUE	TRUE	sus	suidae	artiodactyla	mammalia	Sus scrofa	deltacoronavirus	coronaviridae	nidovirales	pisoniviricetes	Coronavirus HKU15	FALSE	PCR/Sequencing	GenBank	GenBank	Aug2021FlatFile				2017	10	16	2017	8	10			MF948005.1
sus scrofa	coronavirus hku15	9823	1965089	TRUE	TRUE	TRUE	sus	suidae	artiodactyla	mammalia	Sus scrofa	deltacoronavirus	coronaviridae	nidovirales	pisoniviricetes	Coronavirus HKU15	FALSE	PCR/Sequencing	GenBank	GenBank	Aug2021FlatFile				2017	10	25	2013	9	1			KU710805.1
sus scrofa	coronavirus hku15	9823	1965089	TRUE	TRUE	TRUE	sus	suidae	artiodactyla	mammalia	Sus scrofa	deltacoronavirus	coronaviridae	nidovirales	pisoniviricetes	Coronavirus HKU15	FALSE	PCR/Sequencing	GenBank	GenBank	Aug2021FlatFile				2017	10	25	2013	9	15			KU710809.1
sus scrofa	coronavirus hku15	9823	1965089	TRUE	TRUE	TRUE	sus	suidae	artiodactyla	mammalia	Sus scrofa	deltacoronavirus	coronaviridae	nidovirales	pisoniviricetes	Coronavirus HKU15	FALSE	PCR/Sequencing	GenBank	GenBank	Aug2021FlatFile				2017	10	25	2014	3	15			KU710804.1, KU710810.1
sus scrofa	coronavirus hku15	9823	1965089	TRUE	TRUE	TRUE	sus	suidae	artiodactyla	mammalia	Sus scrofa	deltacoronavirus	coronaviridae	nidovirales	pisoniviricetes	Coronavirus HKU15	FALSE	PCR/Sequencing	GenBank	GenBank	Aug2021FlatFile				2017	10	25	2014	6	20			KU710807.1
sus scrofa	coronavirus hku15	9823	1965089	TRUE	TRUE	TRUE	sus	suidae	artiodactyla	mammalia	Sus scrofa	deltacoronavirus	coronaviridae	nidovirales	pisoniviricetes	Coronavirus HKU15	FALSE	PCR/Sequencing	GenBank	GenBank	Aug2021FlatFile				2017	10	25	2014	8	6			KU710808.1
sus scrofa	coronavirus hku15	9823	1965089	TRUE	TRUE	TRUE	sus	suidae	artiodactyla	mammalia	Sus scrofa	deltacoronavirus	coronaviridae	nidovirales	pisoniviricetes	Coronavirus HKU15	FALSE	PCR/Sequencing	GenBank	GenBank	Aug2021FlatFile				2017	10	25	2015	1	15			KU710813.1
sus scrofa	coronavirus hku15	9823	1965089	TRUE	TRUE	TRUE	sus	suidae	artiodactyla	mammalia	Sus scrofa	deltacoronavirus	coronaviridae	nidovirales	pisoniviricetes	Coronavirus HKU15	FALSE	PCR/Sequencing	GenBank	GenBank	Aug2021FlatFile				2017	10	25	2015	10	20			KU710817.1
sus scrofa	coronavirus hku15	9823	1965089	TRUE	TRUE	TRUE	sus	suidae	artiodactyla	mammalia	Sus scrofa	deltacoronavirus	coronaviridae	nidovirales	pisoniviricetes	Coronavirus HKU15	FALSE	PCR/Sequencing	GenBank	GenBank	Aug2021FlatFile				2017	10	25	2015	10	25			KU710816.1
sus scrofa	coronavirus hku15	9823	1965089	TRUE	TRUE	TRUE	sus	suidae	artiodactyla	mammalia	Sus scrofa	deltacoronavirus	coronaviridae	nidovirales	pisoniviricetes	Coronavirus HKU15	FALSE	PCR/Sequencing	GenBank	GenBank	Aug2021FlatFile				2017	10	25	2015	11	20			KU710820.1
sus scrofa	coronavirus hku15	9823	1965089	TRUE	TRUE	TRUE	sus	suidae	artiodactyla	mammalia	Sus scrofa	deltacoronavirus	coronaviridae	nidovirales	pisoniviricetes	Coronavirus HKU15	FALSE	PCR/Sequencing	GenBank	GenBank	Aug2021FlatFile				2017	10	25	2015	2	15			KU710812.1
sus scrofa	coronavirus hku15	9823	1965089	TRUE	TRUE	TRUE	sus	suidae	artiodactyla	mammalia	Sus scrofa	deltacoronavirus	coronaviridae	nidovirales	pisoniviricetes	Coronavirus HKU15	FALSE	PCR/Sequencing	GenBank	GenBank	Aug2021FlatFile				2017	10	25	2015	4	15			KU710811.1
sus scrofa	coronavirus hku15	9823	1965089	TRUE	TRUE	TRUE	sus	suidae	artiodactyla	mammalia	Sus scrofa	deltacoronavirus	coronaviridae	nidovirales	pisoniviricetes	Coronavirus HKU15	FALSE	PCR/Sequencing	GenBank	GenBank	Aug2021FlatFile				2017	10	25	2015	5	10			KU710806.1
sus scrofa	coronavirus hku15	9823	1965089	TRUE	TRUE	TRUE	sus	suidae	artiodactyla	mammalia	Sus scrofa	deltacoronavirus	coronaviridae	nidovirales	pisoniviricetes	Coronavirus HKU15	FALSE	PCR/Sequencing	GenBank	GenBank	Aug2021FlatFile				2017	10	25	2015	6	15			KU710815.1
sus scrofa	coronavirus hku15	9823	1965089	TRUE	TRUE	TRUE	sus	suidae	artiodactyla	mammalia	Sus scrofa	deltacoronavirus	coronaviridae	nidovirales	pisoniviricetes	Coronavirus HKU15	FALSE	PCR/Sequencing	GenBank	GenBank	Aug2021FlatFile				2017	10	25	2015	6	9			KU710818.1
sus scrofa	coronavirus hku15	9823	1965089	TRUE	TRUE	TRUE	sus	suidae	artiodactyla	mammalia	Sus scrofa	deltacoronavirus	coronaviridae	nidovirales	pisoniviricetes	Coronavirus HKU15	FALSE	PCR/Sequencing	GenBank	GenBank	Aug2021FlatFile				2017	10	25	2015	8	15			KU710814.1
sus scrofa	coronavirus hku15	9823	1965089	TRUE	TRUE	TRUE	sus	suidae	artiodactyla	mammalia	Sus scrofa	deltacoronavirus	coronaviridae	nidovirales	pisoniviricetes	Coronavirus HKU15	FALSE	PCR/Sequencing	GenBank	GenBank	Aug2021FlatFile				2017	10	25	2015	9	6			KU710819.1
sus scrofa	coronavirus hku15	9823	1965089	TRUE	TRUE	TRUE	sus	suidae	artiodactyla	mammalia	Sus scrofa	deltacoronavirus	coronaviridae	nidovirales	pisoniviricetes	Coronavirus HKU15	FALSE	PCR/Sequencing	GenBank	GenBank	Aug2021FlatFile				2017	11	18	2016	2	20			KY398009.1, KY398010.2, KY398011.1, KY398012.1, KY398013.1, KY398014.1
sus scrofa	coronavirus hku15	9823	1965089	TRUE	TRUE	TRUE	sus	suidae	artiodactyla	mammalia	Sus scrofa	deltacoronavirus	coronaviridae	nidovirales	pisoniviricetes	Coronavirus HKU15	FALSE	PCR/Sequencing	GenBank	GenBank	Aug2021FlatFile				2017	11	20	2016	1	5			KY363868.1
sus scrofa	coronavirus hku15	9823	1965089	TRUE	TRUE	TRUE	sus	suidae	artiodactyla	mammalia	Sus scrofa	deltacoronavirus	coronaviridae	nidovirales	pisoniviricetes	Coronavirus HKU15	FALSE	PCR/Sequencing	GenBank	GenBank	Aug2021FlatFile				2017	11	20	2016	3	18			KY363867.1
sus scrofa	coronavirus hku15	9823	1965089	TRUE	TRUE	TRUE	sus	suidae	artiodactyla	mammalia	Sus scrofa	deltacoronavirus	coronaviridae	nidovirales	pisoniviricetes	Coronavirus HKU15	FALSE	PCR/Sequencing	GenBank	GenBank	Aug2021FlatFile				2017	11	25	2016	2	20			KY436218.1
sus scrofa	coronavirus hku15	9823	1965089	TRUE	TRUE	TRUE	sus	suidae	artiodactyla	mammalia	Sus scrofa	deltacoronavirus	coronaviridae	nidovirales	pisoniviricetes	Coronavirus HKU15	FALSE	PCR/Sequencing	GenBank	GenBank	Aug2021FlatFile				2017	12	26	2014					KY513724.1, KY513725.1
sus scrofa	coronavirus hku15	9823	1965089	TRUE	TRUE	TRUE	sus	suidae	artiodactyla	mammalia	Sus scrofa	deltacoronavirus	coronaviridae	nidovirales	pisoniviricetes	Coronavirus HKU15	FALSE	PCR/Sequencing	GenBank	GenBank	Aug2021FlatFile				2017	12	27	2016	12	23			MF041982.1
sus scrofa	coronavirus hku15	9823	1965089	TRUE	TRUE	TRUE	sus	suidae	artiodactyla	mammalia	Sus scrofa	deltacoronavirus	coronaviridae	nidovirales	pisoniviricetes	Coronavirus HKU15	FALSE	PCR/Sequencing	GenBank	GenBank	Aug2021FlatFile				2017	2	28	2016	6				KY586147.1, KY586148.1, KY586149.1
sus scrofa	coronavirus hku15	9823	1965089	TRUE	TRUE	TRUE	sus	suidae	artiodactyla	mammalia	Sus scrofa	deltacoronavirus	coronaviridae	nidovirales	pisoniviricetes	Coronavirus HKU15	FALSE	PCR/Sequencing	GenBank	GenBank	Aug2021FlatFile				2017	2	6	2015	10	10			KX834351.1
sus scrofa	coronavirus hku15	9823	1965089	TRUE	TRUE	TRUE	sus	suidae	artiodactyla	mammalia	Sus scrofa	deltacoronavirus	coronaviridae	nidovirales	pisoniviricetes	Coronavirus HKU15	FALSE	PCR/Sequencing	GenBank	GenBank	Aug2021FlatFile				2017	2	6	2015	12	8			KX834352.1
sus scrofa	coronavirus hku15	9823	1965089	TRUE	TRUE	TRUE	sus	suidae	artiodactyla	mammalia	Sus scrofa	deltacoronavirus	coronaviridae	nidovirales	pisoniviricetes	Coronavirus HKU15	FALSE	PCR/Sequencing	GenBank	GenBank	Aug2021FlatFile				2017	3	4	2016	4	1			KY354363.1, KY354364.1
sus scrofa	coronavirus hku15	9823	1965089	TRUE	TRUE	TRUE	sus	suidae	artiodactyla	mammalia	Sus scrofa	deltacoronavirus	coronaviridae	nidovirales	pisoniviricetes	Coronavirus HKU15	FALSE	PCR/Sequencing	GenBank	GenBank	Aug2021FlatFile				2017	4	24	2014	7				KY364365.1
sus scrofa	coronavirus hku15	9823	1965089	TRUE	TRUE	TRUE	sus	suidae	artiodactyla	mammalia	Sus scrofa	deltacoronavirus	coronaviridae	nidovirales	pisoniviricetes	Coronavirus HKU15	FALSE	PCR/Sequencing	GenBank	GenBank	Aug2021FlatFile				2017	4	5	2016	1	2			KY078900.1, KY078902.1, KY078913.1, KY078915.1
sus scrofa	coronavirus hku15	9823	1965089	TRUE	TRUE	TRUE	sus	suidae	artiodactyla	mammalia	Sus scrofa	deltacoronavirus	coronaviridae	nidovirales	pisoniviricetes	Coronavirus HKU15	FALSE	PCR/Sequencing	GenBank	GenBank	Aug2021FlatFile				2017	4	5	2016	1	23			KY078897.1, KY078910.1
sus scrofa	coronavirus hku15	9823	1965089	TRUE	TRUE	TRUE	sus	suidae	artiodactyla	mammalia	Sus scrofa	deltacoronavirus	coronaviridae	nidovirales	pisoniviricetes	Coronavirus HKU15	FALSE	PCR/Sequencing	GenBank	GenBank	Aug2021FlatFile				2017	4	5	2016	1	26			KY078903.1, KY078916.1
sus scrofa	coronavirus hku15	9823	1965089	TRUE	TRUE	TRUE	sus	suidae	artiodactyla	mammalia	Sus scrofa	deltacoronavirus	coronaviridae	nidovirales	pisoniviricetes	Coronavirus HKU15	FALSE	PCR/Sequencing	GenBank	GenBank	Aug2021FlatFile				2017	4	5	2016	1	30			KY078898.1, KY078911.1
sus scrofa	coronavirus hku15	9823	1965089	TRUE	TRUE	TRUE	sus	suidae	artiodactyla	mammalia	Sus scrofa	deltacoronavirus	coronaviridae	nidovirales	pisoniviricetes	Coronavirus HKU15	FALSE	PCR/Sequencing	GenBank	GenBank	Aug2021FlatFile				2017	4	5	2016	1	5			KY078895.1, KY078908.1
sus scrofa	coronavirus hku15	9823	1965089	TRUE	TRUE	TRUE	sus	suidae	artiodactyla	mammalia	Sus scrofa	deltacoronavirus	coronaviridae	nidovirales	pisoniviricetes	Coronavirus HKU15	FALSE	PCR/Sequencing	GenBank	GenBank	Aug2021FlatFile				2017	4	5	2016	2	18			KY078896.1, KY078909.1
sus scrofa	coronavirus hku15	9823	1965089	TRUE	TRUE	TRUE	sus	suidae	artiodactyla	mammalia	Sus scrofa	deltacoronavirus	coronaviridae	nidovirales	pisoniviricetes	Coronavirus HKU15	FALSE	PCR/Sequencing	GenBank	GenBank	Aug2021FlatFile				2017	4	5	2016	2	24			KY078891.1, KY078904.1
sus scrofa	coronavirus hku15	9823	1965089	TRUE	TRUE	TRUE	sus	suidae	artiodactyla	mammalia	Sus scrofa	deltacoronavirus	coronaviridae	nidovirales	pisoniviricetes	Coronavirus HKU15	FALSE	PCR/Sequencing	GenBank	GenBank	Aug2021FlatFile				2017	4	5	2016	2	4			KY078899.1, KY078901.1, KY078912.1, KY078914.1
sus scrofa	coronavirus hku15	9823	1965089	TRUE	TRUE	TRUE	sus	suidae	artiodactyla	mammalia	Sus scrofa	deltacoronavirus	coronaviridae	nidovirales	pisoniviricetes	Coronavirus HKU15	FALSE	PCR/Sequencing	GenBank	GenBank	Aug2021FlatFile				2017	4	5	2016	3	14			KY078894.1, KY078907.1
sus scrofa	coronavirus hku15	9823	1965089	TRUE	TRUE	TRUE	sus	suidae	artiodactyla	mammalia	Sus scrofa	deltacoronavirus	coronaviridae	nidovirales	pisoniviricetes	Coronavirus HKU15	FALSE	PCR/Sequencing	GenBank	GenBank	Aug2021FlatFile				2017	4	5	2016	3	15			KY078892.1, KY078905.1
sus scrofa	coronavirus hku15	9823	1965089	TRUE	TRUE	TRUE	sus	suidae	artiodactyla	mammalia	Sus scrofa	deltacoronavirus	coronaviridae	nidovirales	pisoniviricetes	Coronavirus HKU15	FALSE	PCR/Sequencing	GenBank	GenBank	Aug2021FlatFile				2017	4	5	2016	3	18			KY078893.1, KY078906.1
sus scrofa	coronavirus hku15	9823	1965089	TRUE	TRUE	TRUE	sus	suidae	artiodactyla	mammalia	Sus scrofa	deltacoronavirus	coronaviridae	nidovirales	pisoniviricetes	Coronavirus HKU15	FALSE	PCR/Sequencing	GenBank	GenBank	Aug2021FlatFile				2017	5	28	2017	4	20			MF037204.1
sus scrofa	coronavirus hku15	9823	1965089	TRUE	TRUE	TRUE	sus	suidae	artiodactyla	mammalia	Sus scrofa	deltacoronavirus	coronaviridae	nidovirales	pisoniviricetes	Coronavirus HKU15	FALSE	PCR/Sequencing	GenBank	GenBank	Aug2021FlatFile				2017	5	30	2016	2	10			KY496312.1
sus scrofa	coronavirus hku15	9823	1965089	TRUE	TRUE	TRUE	sus	suidae	artiodactyla	mammalia	Sus scrofa	deltacoronavirus	coronaviridae	nidovirales	pisoniviricetes	Coronavirus HKU15	FALSE	PCR/Sequencing	GenBank	GenBank	Aug2021FlatFile				2017	7	18	2016	5	23			KY293677.1
sus scrofa	coronavirus hku15	9823	1965089	TRUE	TRUE	TRUE	sus	suidae	artiodactyla	mammalia	Sus scrofa	deltacoronavirus	coronaviridae	nidovirales	pisoniviricetes	Coronavirus HKU15	FALSE	PCR/Sequencing	GenBank	GenBank	Aug2021FlatFile				2017	8	13	2016	11				KY926512.1
sus scrofa	coronavirus hku15	9823	1965089	TRUE	TRUE	TRUE	sus	suidae	artiodactyla	mammalia	Sus scrofa	deltacoronavirus	coronaviridae	nidovirales	pisoniviricetes	Coronavirus HKU15	FALSE	PCR/Sequencing	GenBank	GenBank	Aug2021FlatFile				2017	8	13	2016	8				KY926511.1
sus scrofa	coronavirus hku15	9823	1965089	TRUE	TRUE	TRUE	sus	suidae	artiodactyla	mammalia	Sus scrofa	deltacoronavirus	coronaviridae	nidovirales	pisoniviricetes	Coronavirus HKU15	FALSE	PCR/Sequencing	GenBank	GenBank	Aug2021FlatFile				2017	8	9	2014					MF431743.1
sus scrofa	coronavirus hku15	9823	1965089	TRUE	TRUE	TRUE	sus	suidae	artiodactyla	mammalia	Sus scrofa	deltacoronavirus	coronaviridae	nidovirales	pisoniviricetes	Coronavirus HKU15	FALSE	PCR/Sequencing	GenBank	GenBank	Aug2021FlatFile				2017	8	9	2015					MF431742.1
sus scrofa	coronavirus hku15	9823	1965089	TRUE	TRUE	TRUE	sus	suidae	artiodactyla	mammalia	Sus scrofa	deltacoronavirus	coronaviridae	nidovirales	pisoniviricetes	Coronavirus HKU15	FALSE	PCR/Sequencing	GenBank	GenBank	Aug2021FlatFile				2017	9	16	2017	2	15			MF095123.1
sus scrofa	coronavirus hku15	9823	1965089	TRUE	TRUE	TRUE	sus	suidae	artiodactyla	mammalia	Sus scrofa	deltacoronavirus	coronaviridae	nidovirales	pisoniviricetes	Coronavirus HKU15	FALSE	PCR/Sequencing	GenBank	GenBank	Aug2021FlatFile				2017	9	5	2016	4	4			KX710201.1, KX710203.1
sus scrofa	coronavirus hku15	9823	1965089	TRUE	TRUE	TRUE	sus	suidae	artiodactyla	mammalia	Sus scrofa	deltacoronavirus	coronaviridae	nidovirales	pisoniviricetes	Coronavirus HKU15	FALSE	PCR/Sequencing	GenBank	GenBank	Aug2021FlatFile				2017	9	5	2016	4	5			KX710202.1, KX710204.1
sus scrofa	coronavirus hku15	9823	1965089	TRUE	TRUE	TRUE	sus	suidae	artiodactyla	mammalia	Sus scrofa	deltacoronavirus	coronaviridae	nidovirales	pisoniviricetes	Coronavirus HKU15	FALSE	PCR/Sequencing	GenBank	GenBank	Aug2021FlatFile				2018	11	13	2016					MH715491.1
sus scrofa	coronavirus hku15	9823	1965089	TRUE	TRUE	TRUE	sus	suidae	artiodactyla	mammalia	Sus scrofa	deltacoronavirus	coronaviridae	nidovirales	pisoniviricetes	Coronavirus HKU15	FALSE	PCR/Sequencing	GenBank	GenBank	Aug2021FlatFile				2018	11	6	2016	7				MG832584.1
sus scrofa	coronavirus hku15	9823	1965089	TRUE	TRUE	TRUE	sus	suidae	artiodactyla	mammalia	Sus scrofa	deltacoronavirus	coronaviridae	nidovirales	pisoniviricetes	Coronavirus HKU15	FALSE	PCR/Sequencing	GenBank	GenBank	Aug2021FlatFile				2018	12	15	2017	6				MH051845.1
sus scrofa	coronavirus hku15	9823	1965089	TRUE	TRUE	TRUE	sus	suidae	artiodactyla	mammalia	Sus scrofa	deltacoronavirus	coronaviridae	nidovirales	pisoniviricetes	Coronavirus HKU15	FALSE	PCR/Sequencing	GenBank	GenBank	Aug2021FlatFile				2018	12	15	2017	8				MG897688.1
sus scrofa	coronavirus hku15	9823	1965089	TRUE	TRUE	TRUE	sus	suidae	artiodactyla	mammalia	Sus scrofa	deltacoronavirus	coronaviridae	nidovirales	pisoniviricetes	Coronavirus HKU15	FALSE	PCR/Sequencing	GenBank	GenBank	Aug2021FlatFile				2018	2	18	2017	7				MG835612.1
sus scrofa	coronavirus hku15	9823	1965089	TRUE	TRUE	TRUE	sus	suidae	artiodactyla	mammalia	Sus scrofa	deltacoronavirus	coronaviridae	nidovirales	pisoniviricetes	Coronavirus HKU15	FALSE	PCR/Sequencing	GenBank	GenBank	Aug2021FlatFile				2018	2	18	2017	8				MG835611.1
sus scrofa	coronavirus hku15	9823	1965089	TRUE	TRUE	TRUE	sus	suidae	artiodactyla	mammalia	Sus scrofa	deltacoronavirus	coronaviridae	nidovirales	pisoniviricetes	Coronavirus HKU15	FALSE	PCR/Sequencing	GenBank	GenBank	Aug2021FlatFile				2018	4	17	2017	8				MG738720.1
sus scrofa	coronavirus hku15	9823	1965089	TRUE	TRUE	TRUE	sus	suidae	artiodactyla	mammalia	Sus scrofa	deltacoronavirus	coronaviridae	nidovirales	pisoniviricetes	Coronavirus HKU15	FALSE	PCR/Sequencing	GenBank	GenBank	Aug2021FlatFile				2018	4	2	2016					MF280390.1
sus scrofa	coronavirus hku15	9823	1965089	TRUE	TRUE	TRUE	sus	suidae	artiodactyla	mammalia	Sus scrofa	deltacoronavirus	coronaviridae	nidovirales	pisoniviricetes	Coronavirus HKU15	FALSE	PCR/Sequencing	GenBank	GenBank	Aug2021FlatFile				2018	4	22	2017					MG242062.1
sus scrofa	coronavirus hku15	9823	1965089	TRUE	TRUE	TRUE	sus	suidae	artiodactyla	mammalia	Sus scrofa	deltacoronavirus	coronaviridae	nidovirales	pisoniviricetes	Coronavirus HKU15	FALSE	PCR/Sequencing	GenBank	GenBank	Aug2021FlatFile				2018	5	7	2016	11				MG837130.1, MG837131.1, MG837132.1, MG837133.1
sus scrofa	coronavirus hku15	9823	1965089	TRUE	TRUE	TRUE	sus	suidae	artiodactyla	mammalia	Sus scrofa	deltacoronavirus	coronaviridae	nidovirales	pisoniviricetes	Coronavirus HKU15	FALSE	PCR/Sequencing	GenBank	GenBank	Aug2021FlatFile				2018	6	25	2016	8				MF642322.1, MF642323.1
sus scrofa	coronavirus hku15	9823	1965089	TRUE	TRUE	TRUE	sus	suidae	artiodactyla	mammalia	Sus scrofa	deltacoronavirus	coronaviridae	nidovirales	pisoniviricetes	Coronavirus HKU15	FALSE	PCR/Sequencing	GenBank	GenBank	Aug2021FlatFile				2018	6	25	2017	3				MF642325.1
sus scrofa	coronavirus hku15	9823	1965089	TRUE	TRUE	TRUE	sus	suidae	artiodactyla	mammalia	Sus scrofa	deltacoronavirus	coronaviridae	nidovirales	pisoniviricetes	Coronavirus HKU15	FALSE	PCR/Sequencing	GenBank	GenBank	Aug2021FlatFile				2018	6	25	2017	4				MF642324.1
sus scrofa	coronavirus hku15	9823	1965089	TRUE	TRUE	TRUE	sus	suidae	artiodactyla	mammalia	Sus scrofa	deltacoronavirus	coronaviridae	nidovirales	pisoniviricetes	Coronavirus HKU15	FALSE	PCR/Sequencing	GenBank	GenBank	Aug2021FlatFile				2018	7	31	2016	5	23			KY293678.1
sus scrofa	coronavirus hku15	9823	1965089	TRUE	TRUE	TRUE	sus	suidae	artiodactyla	mammalia	Sus scrofa	deltacoronavirus	coronaviridae	nidovirales	pisoniviricetes	Coronavirus HKU15	FALSE	PCR/Sequencing	GenBank	GenBank	Aug2021FlatFile				2018	8	24	2010					NC_039208.1
sus scrofa	coronavirus hku15	9823	1965089	TRUE	TRUE	TRUE	sus	suidae	artiodactyla	mammalia	Sus scrofa	deltacoronavirus	coronaviridae	nidovirales	pisoniviricetes	Coronavirus HKU15	FALSE	PCR/Sequencing	GenBank	GenBank	Aug2021FlatFile				2018	8	27	2018	3	20			MH708123.1, MH708124.1, MH708125.1
sus scrofa	coronavirus hku15	9823	1965089	TRUE	TRUE	TRUE	sus	suidae	artiodactyla	mammalia	Sus scrofa	deltacoronavirus	coronaviridae	nidovirales	pisoniviricetes	Coronavirus HKU15	FALSE	PCR/Sequencing	GenBank	GenBank	Aug2021FlatFile				2019	10	16	2014	9				MK333244.1
sus scrofa	coronavirus hku15	9823	1965089	TRUE	TRUE	TRUE	sus	suidae	artiodactyla	mammalia	Sus scrofa	deltacoronavirus	coronaviridae	nidovirales	pisoniviricetes	Coronavirus HKU15	FALSE	PCR/Sequencing	GenBank	GenBank	Aug2021FlatFile				2019	10	16	2017	3				MK333246.1
sus scrofa	coronavirus hku15	9823	1965089	TRUE	TRUE	TRUE	sus	suidae	artiodactyla	mammalia	Sus scrofa	deltacoronavirus	coronaviridae	nidovirales	pisoniviricetes	Coronavirus HKU15	FALSE	PCR/Sequencing	GenBank	GenBank	Aug2021FlatFile				2019	10	16	2017	6				MK333245.1
sus scrofa	coronavirus hku15	9823	1965089	TRUE	TRUE	TRUE	sus	suidae	artiodactyla	mammalia	Sus scrofa	deltacoronavirus	coronaviridae	nidovirales	pisoniviricetes	Coronavirus HKU15	FALSE	PCR/Sequencing	GenBank	GenBank	Aug2021FlatFile				2019	10	21	2016	11				MK370065.1
sus scrofa	coronavirus hku15	9823	1965089	TRUE	TRUE	TRUE	sus	suidae	artiodactyla	mammalia	Sus scrofa	deltacoronavirus	coronaviridae	nidovirales	pisoniviricetes	Coronavirus HKU15	FALSE	PCR/Sequencing	GenBank	GenBank	Aug2021FlatFile				2019	10	21	2016	9				MK370064.1
sus scrofa	coronavirus hku15	9823	1965089	TRUE	TRUE	TRUE	sus	suidae	artiodactyla	mammalia	Sus scrofa	deltacoronavirus	coronaviridae	nidovirales	pisoniviricetes	Coronavirus HKU15	FALSE	PCR/Sequencing	GenBank	GenBank	Aug2021FlatFile				2019	10	21	2017	2				MK370066.1
sus scrofa	coronavirus hku15	9823	1965089	TRUE	TRUE	TRUE	sus	suidae	artiodactyla	mammalia	Sus scrofa	deltacoronavirus	coronaviridae	nidovirales	pisoniviricetes	Coronavirus HKU15	FALSE	PCR/Sequencing	GenBank	GenBank	Aug2021FlatFile				2019	10	5	2018	8	8			MK673766.1
sus scrofa	coronavirus hku15	9823	1965089	TRUE	TRUE	TRUE	sus	suidae	artiodactyla	mammalia	Sus scrofa	deltacoronavirus	coronaviridae	nidovirales	pisoniviricetes	Coronavirus HKU15	FALSE	PCR/Sequencing	GenBank	GenBank	Aug2021FlatFile				2019	11	4	2017	12	11			MN249445.1
sus scrofa	coronavirus hku15	9823	1965089	TRUE	TRUE	TRUE	sus	suidae	artiodactyla	mammalia	Sus scrofa	deltacoronavirus	coronaviridae	nidovirales	pisoniviricetes	Coronavirus HKU15	FALSE	PCR/Sequencing	GenBank	GenBank	Aug2021FlatFile				2019	12	24	2019	1				MK993519.1
sus scrofa	coronavirus hku15	9823	1965089	TRUE	TRUE	TRUE	sus	suidae	artiodactyla	mammalia	Sus scrofa	deltacoronavirus	coronaviridae	nidovirales	pisoniviricetes	Coronavirus HKU15	FALSE	PCR/Sequencing	GenBank	GenBank	Aug2021FlatFile				2019	4	14	2015					MK478381.1
sus scrofa	coronavirus hku15	9823	1965089	TRUE	TRUE	TRUE	sus	suidae	artiodactyla	mammalia	Sus scrofa	deltacoronavirus	coronaviridae	nidovirales	pisoniviricetes	Coronavirus HKU15	FALSE	PCR/Sequencing	GenBank	GenBank	Aug2021FlatFile				2019	4	14	2017					MK478380.1, MK478382.1, MK478383.1
sus scrofa	coronavirus hku15	9823	1965089	TRUE	TRUE	TRUE	sus	suidae	artiodactyla	mammalia	Sus scrofa	deltacoronavirus	coronaviridae	nidovirales	pisoniviricetes	Coronavirus HKU15	FALSE	PCR/Sequencing	GenBank	GenBank	Aug2021FlatFile				2019	5	14	2018	3				MK005882.1
sus scrofa	coronavirus hku15	9823	1965089	TRUE	TRUE	TRUE	sus	suidae	artiodactyla	mammalia	Sus scrofa	deltacoronavirus	coronaviridae	nidovirales	pisoniviricetes	Coronavirus HKU15	FALSE	PCR/Sequencing	GenBank	GenBank	Aug2021FlatFile				2019	5	8	2018					MK040445.1, MK040446.1, MK040447.1, MK040448.1, MK040449.1, MK040450.1, MK040451.1, MK040452.1, MK040453.1, MK040454.1, MK040455.1
sus scrofa	coronavirus hku15	9823	1965089	TRUE	TRUE	TRUE	sus	suidae	artiodactyla	mammalia	Sus scrofa	deltacoronavirus	coronaviridae	nidovirales	pisoniviricetes	Coronavirus HKU15	FALSE	PCR/Sequencing	GenBank	GenBank	Aug2021FlatFile				2019	6	25	2017	4				MK378621.1, MK378622.1, MK378623.1, MK378624.1, MK378625.1, MK378626.1, MK378627.1, MK378628.1, MK378629.1, MK378630.1, MK378631.1, MK378632.1, MK378633.1, MK378634.1, MK378635.1
sus scrofa	coronavirus hku15	9823	1965089	TRUE	TRUE	TRUE	sus	suidae	artiodactyla	mammalia	Sus scrofa	deltacoronavirus	coronaviridae	nidovirales	pisoniviricetes	Coronavirus HKU15	FALSE	PCR/Sequencing	GenBank	GenBank	Aug2021FlatFile				2019	6	30	2017	12	24			MK211169.1
sus scrofa	coronavirus hku15	9823	1965089	TRUE	TRUE	TRUE	sus	suidae	artiodactyla	mammalia	Sus scrofa	deltacoronavirus	coronaviridae	nidovirales	pisoniviricetes	Coronavirus HKU15	FALSE	PCR/Sequencing	GenBank	GenBank	Aug2021FlatFile				2019	7	27	2017	2				MK330604.1
sus scrofa	coronavirus hku15	9823	1965089	TRUE	TRUE	TRUE	sus	suidae	artiodactyla	mammalia	Sus scrofa	deltacoronavirus	coronaviridae	nidovirales	pisoniviricetes	Coronavirus HKU15	FALSE	PCR/Sequencing	GenBank	GenBank	Aug2021FlatFile				2019	7	27	2018	1				MK330605.1
sus scrofa	coronavirus hku15	9823	1965089	TRUE	TRUE	TRUE	sus	suidae	artiodactyla	mammalia	Sus scrofa	deltacoronavirus	coronaviridae	nidovirales	pisoniviricetes	Coronavirus HKU15	FALSE	PCR/Sequencing	GenBank	GenBank	Aug2021FlatFile				2019	7	8	2016	2	20			MK355396.1
sus scrofa	coronavirus hku15	9823	1965089	TRUE	TRUE	TRUE	sus	suidae	artiodactyla	mammalia	Sus scrofa	deltacoronavirus	coronaviridae	nidovirales	pisoniviricetes	Coronavirus HKU15	FALSE	PCR/Sequencing	GenBank	GenBank	Aug2021FlatFile				2019	7	8	2017	6				MK572803.1
sus scrofa	coronavirus hku15	9823	1965089	TRUE	TRUE	TRUE	sus	suidae	artiodactyla	mammalia	Sus scrofa	deltacoronavirus	coronaviridae	nidovirales	pisoniviricetes	Coronavirus HKU15	FALSE	PCR/Sequencing	GenBank	GenBank	Aug2021FlatFile				2019	9	3	2016	2	16			MN064712.1
sus scrofa	coronavirus hku15	9823	1965089	TRUE	TRUE	TRUE	sus	suidae	artiodactyla	mammalia	Sus scrofa	deltacoronavirus	coronaviridae	nidovirales	pisoniviricetes	Coronavirus HKU15	FALSE	PCR/Sequencing	GenBank	GenBank	Aug2021FlatFile				2020	1	1	2015	12				KX998969.1
sus scrofa	coronavirus hku15	9823	1965089	TRUE	TRUE	TRUE	sus	suidae	artiodactyla	mammalia	Sus scrofa	deltacoronavirus	coronaviridae	nidovirales	pisoniviricetes	Coronavirus HKU15	FALSE	PCR/Sequencing	GenBank	GenBank	Aug2021FlatFile				2020	1	21	2017	1	18			MN025260.1
sus scrofa	coronavirus hku15	9823	1965089	TRUE	TRUE	TRUE	sus	suidae	artiodactyla	mammalia	Sus scrofa	deltacoronavirus	coronaviridae	nidovirales	pisoniviricetes	Coronavirus HKU15	FALSE	PCR/Sequencing	GenBank	GenBank	Aug2021FlatFile				2020	10	27	2015					MN942260.1
sus scrofa	coronavirus hku15	9823	1965089	TRUE	TRUE	TRUE	sus	suidae	artiodactyla	mammalia	Sus scrofa	deltacoronavirus	coronaviridae	nidovirales	pisoniviricetes	Coronavirus HKU15	FALSE	PCR/Sequencing	GenBank	GenBank	Aug2021FlatFile				2020	12	2	2019					MW196362.1
sus scrofa	coronavirus hku15	9823	1965089	TRUE	TRUE	TRUE	sus	suidae	artiodactyla	mammalia	Sus scrofa	deltacoronavirus	coronaviridae	nidovirales	pisoniviricetes	Coronavirus HKU15	FALSE	PCR/Sequencing	GenBank	GenBank	Aug2021FlatFile				2020	12	31						MH118331.1, MH118332.1, MH118333.1
sus scrofa	coronavirus hku15	9823	1965089	TRUE	TRUE	TRUE	sus	suidae	artiodactyla	mammalia	Sus scrofa	deltacoronavirus	coronaviridae	nidovirales	pisoniviricetes	Coronavirus HKU15	FALSE	PCR/Sequencing	GenBank	GenBank	Aug2021FlatFile				2020	3	6	2016					MH025762.1, MH025763.1, MH025764.1
sus scrofa	coronavirus hku15	9823	1965089	TRUE	TRUE	TRUE	sus	suidae	artiodactyla	mammalia	Sus scrofa	deltacoronavirus	coronaviridae	nidovirales	pisoniviricetes	Coronavirus HKU15	FALSE	PCR/Sequencing	GenBank	GenBank	Aug2021FlatFile				2020	4	12	2018					MN173783.1, MN173784.1, MN173785.1, MN173786.1, MN173787.1, MN173788.1, MN173789.1, MN173790.1, MN173791.1, MN173792.1, MN173793.1, MN173794.1, MN173795.1, MN173796.1, MN173797.1, MN173798.1, MN173799.1, MN173800.1, MN173801.1, MN173802.1, MN173803.1, MN173804.1, MN173805.1, MN173806.1, MN173807.1, MN173808.1, MN173809.1, MN173810.1, MN173811.1, MN173812.1
sus scrofa	coronavirus hku15	9823	1965089	TRUE	TRUE	TRUE	sus	suidae	artiodactyla	mammalia	Sus scrofa	deltacoronavirus	coronaviridae	nidovirales	pisoniviricetes	Coronavirus HKU15	FALSE	PCR/Sequencing	GenBank	GenBank	Aug2021FlatFile				2020	5	22	2018					MN058045.1, MN058046.1, MN058047.1, MN058048.1, MN058049.1, MN058050.1, MN058051.1, MN058052.1, MN058053.1, MN058054.1, MN058055.1, MN058056.1, MN058057.1, MN058058.1, MN058059.1, MN058060.1, MN058061.1, MN058062.1, MN058063.1, MN058064.1, MN058065.1, MN058066.1, MN058067.1, MN058068.1, MN058069.1, MN058070.1, MN058071.1, MN058072.1, MN058073.1
sus scrofa	coronavirus hku15	9823	1965089	TRUE	TRUE	TRUE	sus	suidae	artiodactyla	mammalia	Sus scrofa	deltacoronavirus	coronaviridae	nidovirales	pisoniviricetes	Coronavirus HKU15	FALSE	PCR/Sequencing	GenBank	GenBank	Aug2021FlatFile				2020	5	31	2013	2				KX361343.1
sus scrofa	coronavirus hku15	9823	1965089	TRUE	TRUE	TRUE	sus	suidae	artiodactyla	mammalia	Sus scrofa	deltacoronavirus	coronaviridae	nidovirales	pisoniviricetes	Coronavirus HKU15	FALSE	PCR/Sequencing	GenBank	GenBank	Aug2021FlatFile				2020	5	31	2013	3				KX361344.1
sus scrofa	coronavirus hku15	9823	1965089	TRUE	TRUE	TRUE	sus	suidae	artiodactyla	mammalia	Sus scrofa	deltacoronavirus	coronaviridae	nidovirales	pisoniviricetes	Coronavirus HKU15	FALSE	PCR/Sequencing	GenBank	GenBank	Aug2021FlatFile				2020	5	31	2015	12				KX361345.1
sus scrofa	coronavirus hku15	9823	1965089	TRUE	TRUE	TRUE	sus	suidae	artiodactyla	mammalia	Sus scrofa	deltacoronavirus	coronaviridae	nidovirales	pisoniviricetes	Coronavirus HKU15	FALSE	PCR/Sequencing	GenBank	GenBank	Aug2021FlatFile				2020	6	15	2017					MT263013.1
sus scrofa	coronavirus hku15	9823	1965089	TRUE	TRUE	TRUE	sus	suidae	artiodactyla	mammalia	Sus scrofa	deltacoronavirus	coronaviridae	nidovirales	pisoniviricetes	Coronavirus HKU15	FALSE	PCR/Sequencing	GenBank	GenBank	Aug2021FlatFile				2020	7	22	2018					MK359104.1
sus scrofa	coronavirus hku15	9823	1965089	TRUE	TRUE	TRUE	sus	suidae	artiodactyla	mammalia	Sus scrofa	deltacoronavirus	coronaviridae	nidovirales	pisoniviricetes	Coronavirus HKU15	FALSE	PCR/Sequencing	GenBank	GenBank	Aug2021FlatFile				2020	9	22						MN781985.1
sus scrofa	coronavirus hku15	9823	1965089	TRUE	TRUE	TRUE	sus	suidae	artiodactyla	mammalia	Sus scrofa	deltacoronavirus	coronaviridae	nidovirales	pisoniviricetes	Coronavirus HKU15	FALSE	PCR/Sequencing	GenBank	GenBank	Aug2021FlatFile				2021	1	1	2018	10				MK625638.1, MK625639.1, MK625640.1, MK625641.1
sus scrofa	coronavirus hku15	9823	1965089	TRUE	TRUE	TRUE	sus	suidae	artiodactyla	mammalia	Sus scrofa	deltacoronavirus	coronaviridae	nidovirales	pisoniviricetes	Coronavirus HKU15	FALSE	PCR/Sequencing	GenBank	GenBank	Aug2021FlatFile				2021	3	10	2019	10				MT227371.1
sus scrofa	coronavirus hku15	9823	1965089	TRUE	TRUE	TRUE	sus	suidae	artiodactyla	mammalia	Sus scrofa	deltacoronavirus	coronaviridae	nidovirales	pisoniviricetes	Coronavirus HKU15	FALSE	PCR/Sequencing	GenBank	GenBank	Aug2021FlatFile				2021	5	5	2018	5	25			MT260149.1
sus scrofa	coronavirus hku15	9823	1965089	TRUE	TRUE	TRUE	sus	suidae	artiodactyla	mammalia	Sus scrofa	deltacoronavirus	coronaviridae	nidovirales	pisoniviricetes	Coronavirus HKU15	FALSE	PCR/Sequencing	GenBank	GenBank	Aug2021FlatFile				2021	5	5	2018	6	5			MT260150.1
sus scrofa	coronavirus hku15	9823	1965089	TRUE	TRUE	TRUE	sus	suidae	artiodactyla	mammalia	Sus scrofa	deltacoronavirus	coronaviridae	nidovirales	pisoniviricetes	Coronavirus HKU15	FALSE	PCR/Sequencing	GenBank	GenBank	Aug2021FlatFile				2021	6	28	2014					MZ291567.1
sus scrofa	coronavirus hku15	9823	1965089	TRUE	TRUE	TRUE	sus	suidae	artiodactyla	mammalia	Sus scrofa	deltacoronavirus	coronaviridae	nidovirales	pisoniviricetes	Coronavirus HKU15	FALSE	PCR/Sequencing	GenBank	GenBank	Aug2021FlatFile				2021	7	28	2017					MT524746.1, MT524747.1, MT524748.1, MT524749.1, MT524750.1, MT524751.1, MT524752.1, MT524753.1, MT524754.1, MT524755.1, MT524756.1, MT524762.1, MT524763.1, MT524764.1, MT524765.1, MT524766.1
sus scrofa	coronavirus hku15	9823	1965089	TRUE	TRUE	TRUE	sus	suidae	artiodactyla	mammalia	Sus scrofa	deltacoronavirus	coronaviridae	nidovirales	pisoniviricetes	Coronavirus HKU15	FALSE	PCR/Sequencing	GenBank	GenBank	Aug2021FlatFile				2021	7	28	2019					MT524757.1, MT524758.1, MT524759.1, MT524760.1, MT524761.1
sus scrofa	coronavirus hku15	9823	1965089	TRUE	TRUE	TRUE	sus	suidae	artiodactyla	mammalia	Sus scrofa	deltacoronavirus	coronaviridae	nidovirales	pisoniviricetes	Coronavirus HKU15	FALSE	PCR/Sequencing	GenBank	GenBank	Aug2021FlatFile				2021	7	5	2019					MT505445.1, MT505446.1, MT505447.1, MT505448.1, MT505449.1, MT505450.1, MT505451.1, MT505452.1, MT505453.1, MT505454.1, MT505455.1, MT505456.1, MT505457.1, MT505458.1, MT505459.1, MT505460.1
sus scrofa	coronavirus hku15	9823	1965089	TRUE	TRUE	TRUE	sus	suidae	artiodactyla	mammalia	Sus scrofa domesticus	deltacoronavirus	coronaviridae	nidovirales	pisoniviricetes	Coronavirus HKU15	FALSE	PCR/Sequencing	GenBank	GenBank	Aug2021FlatFile				2017	6	22	2014	2	13			LC216914.1, LC216915.1
sus scrofa	coronavirus hku15	9823	1965089	TRUE	TRUE	TRUE	sus	suidae	artiodactyla	mammalia	Sus scrofa domesticus	deltacoronavirus	coronaviridae	nidovirales	pisoniviricetes	Coronavirus HKU15	FALSE	PCR/Sequencing	GenBank	GenBank	Aug2021FlatFile				2017	6	29	2016	9				LC260045.1
sus scrofa	coronavirus hku15	9823	1965089	TRUE	TRUE	TRUE	sus	suidae	artiodactyla	mammalia	Sus scrofa domesticus	deltacoronavirus	coronaviridae	nidovirales	pisoniviricetes	Coronavirus HKU15	FALSE	PCR/Sequencing	GenBank	GenBank	Aug2021FlatFile				2018	4	11	2014	12				LC260044.1
sus scrofa	coronavirus hku15	9823	1965089	TRUE	TRUE	TRUE	sus	suidae	artiodactyla	mammalia	Sus scrofa domesticus	deltacoronavirus	coronaviridae	nidovirales	pisoniviricetes	Coronavirus HKU15	FALSE	PCR/Sequencing	GenBank	GenBank	Aug2021FlatFile				2018	4	11	2014	3				LC260042.1
sus scrofa	coronavirus hku15	9823	1965089	TRUE	TRUE	TRUE	sus	suidae	artiodactyla	mammalia	Sus scrofa domesticus	deltacoronavirus	coronaviridae	nidovirales	pisoniviricetes	Coronavirus HKU15	FALSE	PCR/Sequencing	GenBank	GenBank	Aug2021FlatFile				2018	4	11	2014	5				LC260038.1, LC260039.1, LC260040.1, LC260041.1
sus scrofa	coronavirus hku15	9823	1965089	TRUE	TRUE	TRUE	sus	suidae	artiodactyla	mammalia	Sus scrofa domesticus	deltacoronavirus	coronaviridae	nidovirales	pisoniviricetes	Coronavirus HKU15	FALSE	PCR/Sequencing	GenBank	GenBank	Aug2021FlatFile				2018	4	11	2014	8				LC260043.1
turdus hortulorum	thrush coronavirus hku12-600	411519	572290	TRUE	TRUE	FALSE	turdus	turdidae	passeriformes	aves	Turdus hortulorum	deltacoronavirus	coronaviridae	nidovirales	pisoniviricetes	Thrush coronavirus HKU12-600	FALSE	PCR/Sequencing	GenBank	GenBank	Aug2021FlatFile				2008	11	13	2007	1				NC_011549.1
turdus hortulorum	thrush coronavirus hku12-600	411519	572290	TRUE	TRUE	FALSE	turdus	turdidae	passeriformes	aves	Turdus hortulorum	deltacoronavirus	coronaviridae	nidovirales	pisoniviricetes	Thrush coronavirus HKU12-600	FALSE	PCR/Sequencing	GenBank	GenBank	Aug2021FlatFile				2008	11	7	2007	1				FJ376621.1
